fold,recording,bearing,fault,forest,rule,forest_abstain,physics_diagnoser
0,B007_0,B007,B,B,IR,B,Undiagnosed
0,IR007_0,IR007,IR,IR,IR,IR,IR
0,Normal_0,Normal,Normal,Healthy,Healthy,Healthy,Undiagnosed
0,OR007@6_0,OR007@6,OR,OR,OR,Undiagnosed,OR
1,B007_1,B007,B,B,IR,B,Undiagnosed
1,IR007_1,IR007,IR,IR,IR,IR,Undiagnosed
1,Normal_1,Normal,Normal,Healthy,Healthy,Healthy,Healthy
1,OR007@6_1,OR007@6,OR,IR,OR,IR,OR
2,B007_2,B007,B,B,IR,B,OR
2,IR007_2,IR007,IR,IR,IR,IR,IR
2,Normal_2,Normal,Normal,Healthy,Healthy,Healthy,Healthy
2,OR007@6_2,OR007@6,OR,OR,OR,Undiagnosed,OR
3,B007_3,B007,B,B,IR,B,Undiagnosed
3,IR007_3,IR007,IR,IR,IR,IR,IR
3,Normal_3,Normal,Normal,Healthy,Healthy,Healthy,B
3,OR007@6_3,OR007@6,OR,OR,OR,Undiagnosed,OR
4,B014_0,B014,B,B,Healthy,B,Undiagnosed
4,IR014_0,IR014,IR,IR,IR,IR,IR
4,Normal_0,Normal,Normal,Healthy,Healthy,Healthy,Undiagnosed
4,OR014@6_0,OR014@6,OR,B,IR,B,IR
5,B014_1,B014,B,B,B,B,Undiagnosed
5,IR014_1,IR014,IR,B,IR,Undiagnosed,IR
5,Normal_1,Normal,Normal,Healthy,Healthy,Healthy,Healthy
5,OR014@6_1,OR014@6,OR,B,IR,B,Undiagnosed
6,B014_2,B014,B,B,Healthy,B,Undiagnosed
6,IR014_2,IR014,IR,B,IR,B,IR
6,Normal_2,Normal,Normal,Healthy,Healthy,Healthy,Healthy
6,OR014@6_2,OR014@6,OR,B,IR,B,Undiagnosed
7,B014_3,B014,B,B,Healthy,B,Undiagnosed
7,IR014_3,IR014,IR,B,IR,B,IR
7,Normal_3,Normal,Normal,Healthy,Healthy,Healthy,B
7,OR014@6_3,OR014@6,OR,B,IR,B,Undiagnosed
8,B021_0,B021,B,B,IR,B,IR
8,IR021_0,IR021,IR,IR,IR,IR,IR
8,Normal_0,Normal,Normal,Healthy,Healthy,Healthy,Undiagnosed
8,OR021@6_0,OR021@6,OR,OR,OR,Undiagnosed,OR
9,B021_1,B021,B,B,IR,B,IR
9,IR021_1,IR021,IR,IR,IR,IR,IR
9,Normal_1,Normal,Normal,Healthy,Healthy,Healthy,Healthy
9,OR021@6_1,OR021@6,OR,OR,OR,Undiagnosed,OR
10,B021_2,B021,B,OR,IR,OR,IR
10,IR021_2,IR021,IR,IR,IR,IR,IR
10,Normal_2,Normal,Normal,Healthy,Healthy,Healthy,Healthy
10,OR021@6_2,OR021@6,OR,OR,OR,OR,OR
11,B021_3,B021,B,B,IR,B,IR
11,IR021_3,IR021,IR,IR,IR,IR,IR
11,Normal_3,Normal,Normal,Healthy,Healthy,Healthy,B
11,OR021@6_3,OR021@6,OR,Undiagnosed,OR,Undiagnosed,OR
