recording,window,bearing,fault,size_mils,load_hp,fold,forest,rule,forest_abstain,physics_diagnoser
Normal_0,0,Normal,Normal,0,0,0,Healthy,IR,Healthy,Healthy
Normal_0,1,Normal,Normal,0,0,0,Healthy,Healthy,Healthy,Healthy
Normal_0,2,Normal,Normal,0,0,0,Healthy,IR,Healthy,Healthy
Normal_0,3,Normal,Normal,0,0,0,Healthy,Healthy,Healthy,Healthy
Normal_0,4,Normal,Normal,0,0,0,Healthy,Healthy,Healthy,Healthy
IR007_0,0,IR007,IR,7,0,0,IR,IR,IR,IR
IR007_0,1,IR007,IR,7,0,0,IR,IR,IR,IR
IR007_0,2,IR007,IR,7,0,0,IR,IR,IR,IR
IR007_0,3,IR007,IR,7,0,0,IR,IR,IR,IR
IR007_0,4,IR007,IR,7,0,0,IR,IR,IR,IR
IR007_0,5,IR007,IR,7,0,0,IR,IR,IR,IR
IR007_0,6,IR007,IR,7,0,0,IR,IR,IR,IR
IR007_0,7,IR007,IR,7,0,0,IR,IR,IR,IR
IR007_0,8,IR007,IR,7,0,0,IR,IR,IR,IR
IR007_0,9,IR007,IR,7,0,0,IR,IR,IR,IR
B007_0,0,B007,B,7,0,0,B,IR,B,IR
B007_0,1,B007,B,7,0,0,B,IR,B,Undiagnosed
B007_0,2,B007,B,7,0,0,B,OR,B,Healthy
B007_0,3,B007,B,7,0,0,B,OR,B,OR
B007_0,4,B007,B,7,0,0,B,IR,B,Undiagnosed
B007_0,5,B007,B,7,0,0,B,B,B,Undiagnosed
B007_0,6,B007,B,7,0,0,B,Healthy,B,B
B007_0,7,B007,B,7,0,0,B,IR,B,Healthy
B007_0,8,B007,B,7,0,0,B,Healthy,B,B
B007_0,9,B007,B,7,0,0,B,IR,B,IR
OR007@6_0,0,OR007@6,OR,7,0,0,OR,OR,Undiagnosed,OR
OR007@6_0,1,OR007@6,OR,7,0,0,OR,OR,Undiagnosed,OR
OR007@6_0,2,OR007@6,OR,7,0,0,OR,OR,Undiagnosed,OR
OR007@6_0,3,OR007@6,OR,7,0,0,OR,OR,Undiagnosed,OR
OR007@6_0,4,OR007@6,OR,7,0,0,OR,OR,Undiagnosed,OR
OR007@6_0,5,OR007@6,OR,7,0,0,OR,OR,Undiagnosed,OR
OR007@6_0,6,OR007@6,OR,7,0,0,OR,OR,Undiagnosed,OR
OR007@6_0,7,OR007@6,OR,7,0,0,OR,OR,Undiagnosed,OR
OR007@6_0,8,OR007@6,OR,7,0,0,OR,OR,Undiagnosed,OR
OR007@6_0,9,OR007@6,OR,7,0,0,OR,OR,Undiagnosed,OR
Normal_1,0,Normal,Normal,0,1,1,Healthy,Healthy,Healthy,Healthy
Normal_1,1,Normal,Normal,0,1,1,Healthy,Healthy,Healthy,Undiagnosed
Normal_1,2,Normal,Normal,0,1,1,Healthy,Healthy,Healthy,Healthy
Normal_1,3,Normal,Normal,0,1,1,Healthy,Healthy,Healthy,Healthy
Normal_1,4,Normal,Normal,0,1,1,Healthy,IR,Healthy,Undiagnosed
Normal_1,5,Normal,Normal,0,1,1,Healthy,Healthy,Healthy,Healthy
Normal_1,6,Normal,Normal,0,1,1,Healthy,Healthy,Healthy,Healthy
Normal_1,7,Normal,Normal,0,1,1,Healthy,Healthy,Healthy,Healthy
Normal_1,8,Normal,Normal,0,1,1,Healthy,Healthy,Healthy,Healthy
Normal_1,9,Normal,Normal,0,1,1,Healthy,Healthy,Healthy,Healthy
IR007_1,0,IR007,IR,7,1,1,IR,IR,IR,IR
IR007_1,1,IR007,IR,7,1,1,IR,IR,IR,B
IR007_1,2,IR007,IR,7,1,1,IR,IR,IR,IR
IR007_1,3,IR007,IR,7,1,1,IR,IR,IR,B
IR007_1,4,IR007,IR,7,1,1,IR,IR,IR,B
IR007_1,5,IR007,IR,7,1,1,IR,IR,IR,IR
IR007_1,6,IR007,IR,7,1,1,IR,IR,IR,B
IR007_1,7,IR007,IR,7,1,1,IR,IR,IR,IR
IR007_1,8,IR007,IR,7,1,1,IR,IR,IR,B
IR007_1,9,IR007,IR,7,1,1,IR,IR,IR,IR
B007_1,0,B007,B,7,1,1,B,OR,B,OR
B007_1,1,B007,B,7,1,1,B,OR,B,OR
B007_1,2,B007,B,7,1,1,B,IR,B,Undiagnosed
B007_1,3,B007,B,7,1,1,B,IR,B,Healthy
B007_1,4,B007,B,7,1,1,B,OR,B,B
B007_1,5,B007,B,7,1,1,B,IR,B,Undiagnosed
B007_1,6,B007,B,7,1,1,B,IR,B,Undiagnosed
B007_1,7,B007,B,7,1,1,B,IR,B,Undiagnosed
B007_1,8,B007,B,7,1,1,B,IR,B,OR
B007_1,9,B007,B,7,1,1,B,IR,B,Undiagnosed
OR007@6_1,0,OR007@6,OR,7,1,1,IR,OR,IR,OR
OR007@6_1,1,OR007@6,OR,7,1,1,IR,OR,IR,OR
OR007@6_1,2,OR007@6,OR,7,1,1,IR,OR,IR,OR
OR007@6_1,3,OR007@6,OR,7,1,1,IR,OR,IR,OR
OR007@6_1,4,OR007@6,OR,7,1,1,IR,OR,IR,OR
OR007@6_1,5,OR007@6,OR,7,1,1,IR,OR,IR,OR
OR007@6_1,6,OR007@6,OR,7,1,1,IR,OR,IR,OR
OR007@6_1,7,OR007@6,OR,7,1,1,IR,OR,IR,OR
OR007@6_1,8,OR007@6,OR,7,1,1,IR,OR,IR,OR
OR007@6_1,9,OR007@6,OR,7,1,1,IR,OR,IR,OR
Normal_2,0,Normal,Normal,0,2,2,Healthy,OR,Healthy,Healthy
Normal_2,1,Normal,Normal,0,2,2,Healthy,Healthy,Healthy,Healthy
Normal_2,2,Normal,Normal,0,2,2,Healthy,Healthy,Healthy,Healthy
Normal_2,3,Normal,Normal,0,2,2,Healthy,Healthy,Healthy,Healthy
Normal_2,4,Normal,Normal,0,2,2,Healthy,Healthy,Healthy,Healthy
Normal_2,5,Normal,Normal,0,2,2,Healthy,Healthy,Healthy,Healthy
Normal_2,6,Normal,Normal,0,2,2,Healthy,Healthy,Healthy,Healthy
Normal_2,7,Normal,Normal,0,2,2,Healthy,Healthy,Healthy,Healthy
Normal_2,8,Normal,Normal,0,2,2,Healthy,Healthy,Healthy,Healthy
Normal_2,9,Normal,Normal,0,2,2,Healthy,Healthy,Healthy,Healthy
IR007_2,0,IR007,IR,7,2,2,IR,IR,IR,IR
IR007_2,1,IR007,IR,7,2,2,IR,IR,IR,IR
IR007_2,2,IR007,IR,7,2,2,IR,IR,IR,IR
IR007_2,3,IR007,IR,7,2,2,IR,IR,IR,IR
IR007_2,4,IR007,IR,7,2,2,IR,IR,IR,IR
IR007_2,5,IR007,IR,7,2,2,IR,IR,IR,IR
IR007_2,6,IR007,IR,7,2,2,IR,IR,IR,IR
IR007_2,7,IR007,IR,7,2,2,IR,IR,IR,IR
IR007_2,8,IR007,IR,7,2,2,IR,IR,IR,IR
IR007_2,9,IR007,IR,7,2,2,IR,IR,IR,IR
B007_2,0,B007,B,7,2,2,B,IR,B,B
B007_2,1,B007,B,7,2,2,B,IR,B,B
B007_2,2,B007,B,7,2,2,B,IR,B,IR
B007_2,3,B007,B,7,2,2,B,IR,B,IR
B007_2,4,B007,B,7,2,2,B,OR,B,OR
B007_2,5,B007,B,7,2,2,B,IR,B,OR
B007_2,6,B007,B,7,2,2,B,IR,B,OR
B007_2,7,B007,B,7,2,2,B,IR,B,OR
B007_2,8,B007,B,7,2,2,B,OR,B,OR
B007_2,9,B007,B,7,2,2,B,IR,B,OR
OR007@6_2,0,OR007@6,OR,7,2,2,OR,OR,Undiagnosed,OR
OR007@6_2,1,OR007@6,OR,7,2,2,OR,OR,Undiagnosed,OR
OR007@6_2,2,OR007@6,OR,7,2,2,OR,OR,Undiagnosed,OR
OR007@6_2,3,OR007@6,OR,7,2,2,OR,OR,Undiagnosed,OR
OR007@6_2,4,OR007@6,OR,7,2,2,OR,OR,Undiagnosed,OR
OR007@6_2,5,OR007@6,OR,7,2,2,OR,OR,Undiagnosed,OR
OR007@6_2,6,OR007@6,OR,7,2,2,OR,OR,Undiagnosed,OR
OR007@6_2,7,OR007@6,OR,7,2,2,OR,OR,Undiagnosed,OR
OR007@6_2,8,OR007@6,OR,7,2,2,OR,OR,Undiagnosed,OR
OR007@6_2,9,OR007@6,OR,7,2,2,OR,OR,Undiagnosed,OR
Normal_3,0,Normal,Normal,0,3,3,Healthy,B,Healthy,B
Normal_3,1,Normal,Normal,0,3,3,Healthy,B,Healthy,B
Normal_3,2,Normal,Normal,0,3,3,Healthy,Healthy,Healthy,Healthy
Normal_3,3,Normal,Normal,0,3,3,Healthy,Healthy,Healthy,Healthy
Normal_3,4,Normal,Normal,0,3,3,Healthy,Healthy,Healthy,Healthy
Normal_3,5,Normal,Normal,0,3,3,Healthy,Healthy,Healthy,Healthy
Normal_3,6,Normal,Normal,0,3,3,Healthy,B,Healthy,B
Normal_3,7,Normal,Normal,0,3,3,Healthy,OR,Healthy,OR
Normal_3,8,Normal,Normal,0,3,3,Healthy,Healthy,Healthy,Healthy
Normal_3,9,Normal,Normal,0,3,3,Healthy,Healthy,Healthy,Undiagnosed
IR007_3,0,IR007,IR,7,3,3,IR,IR,IR,IR
IR007_3,1,IR007,IR,7,3,3,IR,IR,IR,IR
IR007_3,2,IR007,IR,7,3,3,IR,IR,IR,IR
IR007_3,3,IR007,IR,7,3,3,IR,IR,IR,IR
IR007_3,4,IR007,IR,7,3,3,IR,IR,IR,IR
IR007_3,5,IR007,IR,7,3,3,IR,IR,IR,IR
IR007_3,6,IR007,IR,7,3,3,IR,IR,IR,IR
IR007_3,7,IR007,IR,7,3,3,IR,IR,IR,IR
IR007_3,8,IR007,IR,7,3,3,IR,IR,IR,IR
IR007_3,9,IR007,IR,7,3,3,IR,IR,IR,IR
B007_3,0,B007,B,7,3,3,B,B,B,B
B007_3,1,B007,B,7,3,3,B,Healthy,B,B
B007_3,2,B007,B,7,3,3,B,B,B,B
B007_3,3,B007,B,7,3,3,B,IR,B,Undiagnosed
B007_3,4,B007,B,7,3,3,B,IR,B,Undiagnosed
B007_3,5,B007,B,7,3,3,B,IR,B,Undiagnosed
B007_3,6,B007,B,7,3,3,B,IR,B,OR
B007_3,7,B007,B,7,3,3,B,IR,B,OR
B007_3,8,B007,B,7,3,3,B,IR,B,Undiagnosed
B007_3,9,B007,B,7,3,3,B,OR,B,OR
OR007@6_3,0,OR007@6,OR,7,3,3,OR,OR,Undiagnosed,OR
OR007@6_3,1,OR007@6,OR,7,3,3,OR,OR,Undiagnosed,OR
OR007@6_3,2,OR007@6,OR,7,3,3,OR,OR,Undiagnosed,OR
OR007@6_3,3,OR007@6,OR,7,3,3,OR,OR,Undiagnosed,OR
OR007@6_3,4,OR007@6,OR,7,3,3,OR,OR,Undiagnosed,OR
OR007@6_3,5,OR007@6,OR,7,3,3,IR,OR,Undiagnosed,OR
OR007@6_3,6,OR007@6,OR,7,3,3,OR,OR,Undiagnosed,OR
OR007@6_3,7,OR007@6,OR,7,3,3,IR,OR,Undiagnosed,OR
OR007@6_3,8,OR007@6,OR,7,3,3,IR,OR,Undiagnosed,OR
OR007@6_3,9,OR007@6,OR,7,3,3,OR,OR,Undiagnosed,OR
Normal_0,0,Normal,Normal,0,0,4,Healthy,Healthy,Healthy,Healthy
Normal_0,1,Normal,Normal,0,0,4,Healthy,Healthy,Healthy,Healthy
Normal_0,2,Normal,Normal,0,0,4,Healthy,Healthy,Healthy,Healthy
Normal_0,3,Normal,Normal,0,0,4,Healthy,Healthy,Healthy,Healthy
Normal_0,4,Normal,Normal,0,0,4,Healthy,Healthy,Healthy,Healthy
IR014_0,0,IR014,IR,14,0,4,IR,IR,IR,IR
IR014_0,1,IR014,IR,14,0,4,IR,IR,IR,IR
IR014_0,2,IR014,IR,14,0,4,IR,IR,IR,IR
IR014_0,3,IR014,IR,14,0,4,IR,IR,IR,IR
IR014_0,4,IR014,IR,14,0,4,IR,IR,IR,IR
IR014_0,5,IR014,IR,14,0,4,IR,IR,IR,IR
IR014_0,6,IR014,IR,14,0,4,IR,IR,IR,IR
IR014_0,7,IR014,IR,14,0,4,IR,IR,IR,IR
IR014_0,8,IR014,IR,14,0,4,IR,IR,IR,IR
IR014_0,9,IR014,IR,14,0,4,IR,IR,IR,IR
B014_0,0,B014,B,14,0,4,B,Healthy,B,Undiagnosed
B014_0,1,B014,B,14,0,4,B,B,B,B
B014_0,2,B014,B,14,0,4,B,B,B,B
B014_0,3,B014,B,14,0,4,B,Healthy,B,Undiagnosed
B014_0,4,B014,B,14,0,4,B,Healthy,B,Undiagnosed
B014_0,5,B014,B,14,0,4,B,Healthy,B,Undiagnosed
B014_0,6,B014,B,14,0,4,B,Healthy,B,Undiagnosed
B014_0,7,B014,B,14,0,4,B,Healthy,B,Undiagnosed
B014_0,8,B014,B,14,0,4,B,B,B,B
B014_0,9,B014,B,14,0,4,B,Healthy,B,Undiagnosed
OR014@6_0,0,OR014@6,OR,14,0,4,B,IR,B,IR
OR014@6_0,1,OR014@6,OR,14,0,4,B,Healthy,B,IR
OR014@6_0,2,OR014@6,OR,14,0,4,B,IR,B,IR
OR014@6_0,3,OR014@6,OR,14,0,4,B,Healthy,B,Undiagnosed
OR014@6_0,4,OR014@6,OR,14,0,4,B,IR,B,IR
OR014@6_0,5,OR014@6,OR,14,0,4,B,B,B,B
OR014@6_0,6,OR014@6,OR,14,0,4,B,IR,B,Undiagnosed
OR014@6_0,7,OR014@6,OR,14,0,4,B,IR,B,IR
OR014@6_0,8,OR014@6,OR,14,0,4,B,Healthy,B,Undiagnosed
OR014@6_0,9,OR014@6,OR,14,0,4,B,IR,B,B
Normal_1,0,Normal,Normal,0,1,5,Healthy,Healthy,Healthy,Healthy
Normal_1,1,Normal,Normal,0,1,5,Healthy,Healthy,Healthy,Undiagnosed
Normal_1,2,Normal,Normal,0,1,5,Healthy,Healthy,Healthy,Healthy
Normal_1,3,Normal,Normal,0,1,5,Healthy,Healthy,Healthy,Healthy
Normal_1,4,Normal,Normal,0,1,5,Healthy,Healthy,Healthy,Undiagnosed
Normal_1,5,Normal,Normal,0,1,5,Healthy,Healthy,Healthy,Healthy
Normal_1,6,Normal,Normal,0,1,5,Healthy,Healthy,Healthy,Healthy
Normal_1,7,Normal,Normal,0,1,5,Healthy,Healthy,Healthy,Healthy
Normal_1,8,Normal,Normal,0,1,5,Healthy,Healthy,Healthy,Healthy
Normal_1,9,Normal,Normal,0,1,5,Healthy,Healthy,Healthy,Healthy
IR014_1,0,IR014,IR,14,1,5,B,IR,Undiagnosed,IR
IR014_1,1,IR014,IR,14,1,5,IR,IR,Undiagnosed,IR
IR014_1,2,IR014,IR,14,1,5,B,IR,Undiagnosed,IR
IR014_1,3,IR014,IR,14,1,5,IR,IR,Undiagnosed,IR
IR014_1,4,IR014,IR,14,1,5,B,IR,Undiagnosed,IR
IR014_1,5,IR014,IR,14,1,5,B,IR,Undiagnosed,IR
IR014_1,6,IR014,IR,14,1,5,IR,IR,IR,IR
IR014_1,7,IR014,IR,14,1,5,B,IR,Undiagnosed,IR
IR014_1,8,IR014,IR,14,1,5,B,IR,Undiagnosed,IR
IR014_1,9,IR014,IR,14,1,5,B,IR,Undiagnosed,IR
B014_1,0,B014,B,14,1,5,B,B,B,Undiagnosed
B014_1,1,B014,B,14,1,5,B,Healthy,B,Undiagnosed
B014_1,2,B014,B,14,1,5,B,Healthy,B,Undiagnosed
B014_1,3,B014,B,14,1,5,B,B,B,B
B014_1,4,B014,B,14,1,5,B,B,B,B
B014_1,5,B014,B,14,1,5,B,Healthy,B,Undiagnosed
B014_1,6,B014,B,14,1,5,B,B,B,B
B014_1,7,B014,B,14,1,5,B,Healthy,B,Undiagnosed
B014_1,8,B014,B,14,1,5,B,B,B,Undiagnosed
B014_1,9,B014,B,14,1,5,B,OR,B,OR
OR014@6_1,0,OR014@6,OR,14,1,5,B,IR,B,Undiagnosed
OR014@6_1,1,OR014@6,OR,14,1,5,B,IR,B,IR
OR014@6_1,2,OR014@6,OR,14,1,5,B,IR,B,Undiagnosed
OR014@6_1,3,OR014@6,OR,14,1,5,B,IR,B,Undiagnosed
OR014@6_1,4,OR014@6,OR,14,1,5,B,IR,B,OR
OR014@6_1,5,OR014@6,OR,14,1,5,B,IR,B,Undiagnosed
OR014@6_1,6,OR014@6,OR,14,1,5,B,IR,B,Undiagnosed
OR014@6_1,7,OR014@6,OR,14,1,5,B,IR,B,IR
OR014@6_1,8,OR014@6,OR,14,1,5,B,IR,B,IR
OR014@6_1,9,OR014@6,OR,14,1,5,B,OR,B,OR
Normal_2,0,Normal,Normal,0,2,6,Healthy,Healthy,Healthy,Healthy
Normal_2,1,Normal,Normal,0,2,6,Healthy,Healthy,Healthy,Healthy
Normal_2,2,Normal,Normal,0,2,6,Healthy,Healthy,Healthy,Healthy
Normal_2,3,Normal,Normal,0,2,6,Healthy,Healthy,Healthy,Healthy
Normal_2,4,Normal,Normal,0,2,6,Healthy,Healthy,Healthy,Healthy
Normal_2,5,Normal,Normal,0,2,6,Healthy,Healthy,Healthy,Healthy
Normal_2,6,Normal,Normal,0,2,6,Healthy,Healthy,Healthy,Healthy
Normal_2,7,Normal,Normal,0,2,6,Healthy,Healthy,Healthy,Healthy
Normal_2,8,Normal,Normal,0,2,6,Healthy,Healthy,Healthy,Healthy
Normal_2,9,Normal,Normal,0,2,6,Healthy,Healthy,Healthy,Healthy
IR014_2,0,IR014,IR,14,2,6,B,IR,B,IR
IR014_2,1,IR014,IR,14,2,6,B,IR,B,IR
IR014_2,2,IR014,IR,14,2,6,B,IR,Undiagnosed,IR
IR014_2,3,IR014,IR,14,2,6,B,IR,B,IR
IR014_2,4,IR014,IR,14,2,6,B,IR,B,IR
IR014_2,5,IR014,IR,14,2,6,B,IR,Undiagnosed,IR
IR014_2,6,IR014,IR,14,2,6,B,IR,Undiagnosed,IR
IR014_2,7,IR014,IR,14,2,6,B,IR,Undiagnosed,IR
IR014_2,8,IR014,IR,14,2,6,B,IR,B,IR
IR014_2,9,IR014,IR,14,2,6,B,IR,Undiagnosed,IR
B014_2,0,B014,B,14,2,6,B,B,B,B
B014_2,1,B014,B,14,2,6,B,B,B,B
B014_2,2,B014,B,14,2,6,B,Healthy,B,Undiagnosed
B014_2,3,B014,B,14,2,6,B,Healthy,B,Undiagnosed
B014_2,4,B014,B,14,2,6,B,Healthy,B,Undiagnosed
B014_2,5,B014,B,14,2,6,B,Healthy,B,Undiagnosed
B014_2,6,B014,B,14,2,6,B,Healthy,B,Undiagnosed
B014_2,7,B014,B,14,2,6,B,Healthy,B,Undiagnosed
B014_2,8,B014,B,14,2,6,B,B,B,Undiagnosed
B014_2,9,B014,B,14,2,6,B,Healthy,B,Undiagnosed
OR014@6_2,0,OR014@6,OR,14,2,6,B,IR,B,IR
OR014@6_2,1,OR014@6,OR,14,2,6,B,IR,B,B
OR014@6_2,2,OR014@6,OR,14,2,6,B,IR,B,IR
OR014@6_2,3,OR014@6,OR,14,2,6,B,IR,B,OR
OR014@6_2,4,OR014@6,OR,14,2,6,B,IR,B,OR
OR014@6_2,5,OR014@6,OR,14,2,6,B,IR,B,Undiagnosed
OR014@6_2,6,OR014@6,OR,14,2,6,B,Healthy,B,Healthy
OR014@6_2,7,OR014@6,OR,14,2,6,B,IR,B,Undiagnosed
OR014@6_2,8,OR014@6,OR,14,2,6,B,Healthy,B,Healthy
OR014@6_2,9,OR014@6,OR,14,2,6,B,IR,B,B
Normal_3,0,Normal,Normal,0,3,7,Healthy,B,Healthy,B
Normal_3,1,Normal,Normal,0,3,7,Healthy,Healthy,Healthy,B
Normal_3,2,Normal,Normal,0,3,7,Healthy,Healthy,Healthy,Healthy
Normal_3,3,Normal,Normal,0,3,7,Healthy,Healthy,Healthy,Healthy
Normal_3,4,Normal,Normal,0,3,7,Healthy,Healthy,Healthy,Healthy
Normal_3,5,Normal,Normal,0,3,7,Healthy,Healthy,Healthy,Healthy
Normal_3,6,Normal,Normal,0,3,7,Healthy,Healthy,Healthy,B
Normal_3,7,Normal,Normal,0,3,7,Healthy,OR,Healthy,OR
Normal_3,8,Normal,Normal,0,3,7,Healthy,Healthy,Healthy,Healthy
Normal_3,9,Normal,Normal,0,3,7,Healthy,Healthy,Healthy,Undiagnosed
IR014_3,0,IR014,IR,14,3,7,B,IR,B,IR
IR014_3,1,IR014,IR,14,3,7,B,IR,B,IR
IR014_3,2,IR014,IR,14,3,7,B,IR,B,IR
IR014_3,3,IR014,IR,14,3,7,B,IR,B,IR
IR014_3,4,IR014,IR,14,3,7,B,IR,B,IR
IR014_3,5,IR014,IR,14,3,7,B,IR,B,IR
IR014_3,6,IR014,IR,14,3,7,B,IR,B,IR
IR014_3,7,IR014,IR,14,3,7,B,IR,B,IR
IR014_3,8,IR014,IR,14,3,7,B,IR,B,IR
IR014_3,9,IR014,IR,14,3,7,B,IR,B,IR
B014_3,0,B014,B,14,3,7,B,Healthy,B,Undiagnosed
B014_3,1,B014,B,14,3,7,B,Healthy,B,Undiagnosed
B014_3,2,B014,B,14,3,7,B,Healthy,B,Undiagnosed
B014_3,3,B014,B,14,3,7,B,B,B,B
B014_3,4,B014,B,14,3,7,B,Healthy,B,Undiagnosed
B014_3,5,B014,B,14,3,7,B,Healthy,B,Undiagnosed
B014_3,6,B014,B,14,3,7,B,B,B,B
B014_3,7,B014,B,14,3,7,B,Healthy,B,Undiagnosed
B014_3,8,B014,B,14,3,7,B,B,B,B
B014_3,9,B014,B,14,3,7,B,Healthy,B,Undiagnosed
OR014@6_3,0,OR014@6,OR,14,3,7,B,Healthy,B,Healthy
OR014@6_3,1,OR014@6,OR,14,3,7,B,IR,B,Undiagnosed
OR014@6_3,2,OR014@6,OR,14,3,7,B,B,B,B
OR014@6_3,3,OR014@6,OR,14,3,7,B,IR,B,Undiagnosed
OR014@6_3,4,OR014@6,OR,14,3,7,B,OR,B,OR
OR014@6_3,5,OR014@6,OR,14,3,7,B,IR,B,IR
OR014@6_3,6,OR014@6,OR,14,3,7,B,IR,B,Undiagnosed
OR014@6_3,7,OR014@6,OR,14,3,7,B,Healthy,B,Undiagnosed
OR014@6_3,8,OR014@6,OR,14,3,7,B,IR,B,Undiagnosed
OR014@6_3,9,OR014@6,OR,14,3,7,B,Healthy,B,Undiagnosed
Normal_0,0,Normal,Normal,0,0,8,Healthy,IR,Healthy,Healthy
Normal_0,1,Normal,Normal,0,0,8,Healthy,Healthy,Healthy,Healthy
Normal_0,2,Normal,Normal,0,0,8,Healthy,IR,Healthy,Healthy
Normal_0,3,Normal,Normal,0,0,8,Healthy,Healthy,Healthy,Healthy
Normal_0,4,Normal,Normal,0,0,8,Healthy,Healthy,Healthy,Healthy
IR021_0,0,IR021,IR,21,0,8,IR,IR,IR,IR
IR021_0,1,IR021,IR,21,0,8,IR,IR,IR,IR
IR021_0,2,IR021,IR,21,0,8,IR,IR,IR,IR
IR021_0,3,IR021,IR,21,0,8,IR,IR,IR,IR
IR021_0,4,IR021,IR,21,0,8,IR,IR,IR,IR
IR021_0,5,IR021,IR,21,0,8,IR,IR,IR,IR
IR021_0,6,IR021,IR,21,0,8,IR,IR,IR,IR
IR021_0,7,IR021,IR,21,0,8,IR,IR,IR,IR
IR021_0,8,IR021,IR,21,0,8,IR,IR,IR,IR
IR021_0,9,IR021,IR,21,0,8,IR,IR,IR,IR
B021_0,0,B021,B,21,0,8,B,IR,B,IR
B021_0,1,B021,B,21,0,8,B,IR,B,IR
B021_0,2,B021,B,21,0,8,B,IR,B,IR
B021_0,3,B021,B,21,0,8,B,IR,B,IR
B021_0,4,B021,B,21,0,8,B,IR,B,IR
B021_0,5,B021,B,21,0,8,B,IR,Undiagnosed,IR
B021_0,6,B021,B,21,0,8,B,B,B,B
B021_0,7,B021,B,21,0,8,B,B,B,B
B021_0,8,B021,B,21,0,8,B,IR,B,IR
B021_0,9,B021,B,21,0,8,B,IR,B,IR
OR021@6_0,0,OR021@6,OR,21,0,8,OR,OR,Undiagnosed,OR
OR021@6_0,1,OR021@6,OR,21,0,8,B,OR,Undiagnosed,OR
OR021@6_0,2,OR021@6,OR,21,0,8,B,OR,Undiagnosed,OR
OR021@6_0,3,OR021@6,OR,21,0,8,OR,OR,Undiagnosed,OR
OR021@6_0,4,OR021@6,OR,21,0,8,OR,OR,Undiagnosed,OR
OR021@6_0,5,OR021@6,OR,21,0,8,OR,OR,Undiagnosed,OR
OR021@6_0,6,OR021@6,OR,21,0,8,OR,OR,Undiagnosed,OR
OR021@6_0,7,OR021@6,OR,21,0,8,B,OR,Undiagnosed,OR
OR021@6_0,8,OR021@6,OR,21,0,8,OR,OR,Undiagnosed,OR
OR021@6_0,9,OR021@6,OR,21,0,8,OR,OR,Undiagnosed,OR
Normal_1,0,Normal,Normal,0,1,9,Healthy,Healthy,Healthy,Healthy
Normal_1,1,Normal,Normal,0,1,9,Healthy,Healthy,Healthy,Undiagnosed
Normal_1,2,Normal,Normal,0,1,9,Healthy,Healthy,Healthy,Healthy
Normal_1,3,Normal,Normal,0,1,9,Healthy,Healthy,Healthy,Healthy
Normal_1,4,Normal,Normal,0,1,9,Healthy,IR,Healthy,Undiagnosed
Normal_1,5,Normal,Normal,0,1,9,Healthy,Healthy,Healthy,Healthy
Normal_1,6,Normal,Normal,0,1,9,Healthy,Healthy,Healthy,Healthy
Normal_1,7,Normal,Normal,0,1,9,Healthy,Healthy,Healthy,Healthy
Normal_1,8,Normal,Normal,0,1,9,Healthy,Healthy,Healthy,Healthy
Normal_1,9,Normal,Normal,0,1,9,Healthy,Healthy,Healthy,Healthy
IR021_1,0,IR021,IR,21,1,9,IR,IR,IR,IR
IR021_1,1,IR021,IR,21,1,9,IR,IR,IR,IR
IR021_1,2,IR021,IR,21,1,9,IR,IR,IR,IR
IR021_1,3,IR021,IR,21,1,9,IR,IR,IR,IR
IR021_1,4,IR021,IR,21,1,9,IR,IR,IR,IR
IR021_1,5,IR021,IR,21,1,9,IR,IR,IR,IR
IR021_1,6,IR021,IR,21,1,9,IR,IR,IR,IR
IR021_1,7,IR021,IR,21,1,9,IR,IR,IR,IR
IR021_1,8,IR021,IR,21,1,9,IR,IR,IR,IR
IR021_1,9,IR021,IR,21,1,9,IR,IR,IR,IR
B021_1,0,B021,B,21,1,9,B,IR,B,IR
B021_1,1,B021,B,21,1,9,OR,IR,Undiagnosed,IR
B021_1,2,B021,B,21,1,9,OR,IR,OR,IR
B021_1,3,B021,B,21,1,9,B,B,B,IR
B021_1,4,B021,B,21,1,9,OR,IR,OR,IR
B021_1,5,B021,B,21,1,9,OR,IR,OR,IR
B021_1,6,B021,B,21,1,9,B,IR,Undiagnosed,IR
B021_1,7,B021,B,21,1,9,B,B,B,B
B021_1,8,B021,B,21,1,9,B,B,B,B
B021_1,9,B021,B,21,1,9,B,B,B,B
OR021@6_1,0,OR021@6,OR,21,1,9,OR,OR,Undiagnosed,OR
OR021@6_1,1,OR021@6,OR,21,1,9,OR,OR,Undiagnosed,OR
OR021@6_1,2,OR021@6,OR,21,1,9,OR,OR,Undiagnosed,OR
OR021@6_1,3,OR021@6,OR,21,1,9,OR,OR,OR,OR
OR021@6_1,4,OR021@6,OR,21,1,9,OR,OR,OR,OR
OR021@6_1,5,OR021@6,OR,21,1,9,B,OR,Undiagnosed,OR
OR021@6_1,6,OR021@6,OR,21,1,9,B,OR,Undiagnosed,OR
OR021@6_1,7,OR021@6,OR,21,1,9,OR,OR,OR,OR
OR021@6_1,8,OR021@6,OR,21,1,9,OR,OR,OR,OR
OR021@6_1,9,OR021@6,OR,21,1,9,B,OR,Undiagnosed,OR
Normal_2,0,Normal,Normal,0,2,10,Healthy,OR,Healthy,Healthy
Normal_2,1,Normal,Normal,0,2,10,Healthy,Healthy,Healthy,Healthy
Normal_2,2,Normal,Normal,0,2,10,Healthy,Healthy,Healthy,Healthy
Normal_2,3,Normal,Normal,0,2,10,Healthy,Healthy,Healthy,Healthy
Normal_2,4,Normal,Normal,0,2,10,Healthy,Healthy,Healthy,Healthy
Normal_2,5,Normal,Normal,0,2,10,Healthy,Healthy,Healthy,Healthy
Normal_2,6,Normal,Normal,0,2,10,Healthy,Healthy,Healthy,Healthy
Normal_2,7,Normal,Normal,0,2,10,Healthy,Healthy,Healthy,Healthy
Normal_2,8,Normal,Normal,0,2,10,Healthy,Healthy,Healthy,Healthy
Normal_2,9,Normal,Normal,0,2,10,Healthy,Healthy,Healthy,Healthy
IR021_2,0,IR021,IR,21,2,10,IR,IR,IR,IR
IR021_2,1,IR021,IR,21,2,10,IR,IR,IR,IR
IR021_2,2,IR021,IR,21,2,10,IR,IR,IR,IR
IR021_2,3,IR021,IR,21,2,10,IR,IR,IR,IR
IR021_2,4,IR021,IR,21,2,10,IR,IR,IR,IR
IR021_2,5,IR021,IR,21,2,10,IR,IR,IR,IR
IR021_2,6,IR021,IR,21,2,10,IR,IR,IR,IR
IR021_2,7,IR021,IR,21,2,10,IR,IR,IR,IR
IR021_2,8,IR021,IR,21,2,10,IR,IR,IR,IR
IR021_2,9,IR021,IR,21,2,10,IR,IR,IR,IR
B021_2,0,B021,B,21,2,10,OR,IR,OR,IR
B021_2,1,B021,B,21,2,10,OR,IR,OR,IR
B021_2,2,B021,B,21,2,10,OR,IR,OR,IR
B021_2,3,B021,B,21,2,10,OR,IR,OR,IR
B021_2,4,B021,B,21,2,10,OR,IR,OR,IR
B021_2,5,B021,B,21,2,10,OR,IR,OR,IR
B021_2,6,B021,B,21,2,10,OR,IR,OR,IR
B021_2,7,B021,B,21,2,10,OR,IR,OR,IR
B021_2,8,B021,B,21,2,10,OR,IR,OR,IR
B021_2,9,B021,B,21,2,10,OR,IR,OR,IR
OR021@6_2,0,OR021@6,OR,21,2,10,OR,OR,OR,OR
OR021@6_2,1,OR021@6,OR,21,2,10,OR,OR,OR,OR
OR021@6_2,2,OR021@6,OR,21,2,10,OR,OR,Undiagnosed,OR
OR021@6_2,3,OR021@6,OR,21,2,10,OR,OR,Undiagnosed,OR
OR021@6_2,4,OR021@6,OR,21,2,10,OR,OR,Undiagnosed,OR
OR021@6_2,5,OR021@6,OR,21,2,10,OR,OR,OR,OR
OR021@6_2,6,OR021@6,OR,21,2,10,OR,OR,OR,OR
OR021@6_2,7,OR021@6,OR,21,2,10,OR,OR,OR,OR
OR021@6_2,8,OR021@6,OR,21,2,10,OR,OR,OR,OR
OR021@6_2,9,OR021@6,OR,21,2,10,OR,OR,OR,OR
Normal_3,0,Normal,Normal,0,3,11,Healthy,B,Healthy,B
Normal_3,1,Normal,Normal,0,3,11,Healthy,B,Healthy,B
Normal_3,2,Normal,Normal,0,3,11,Healthy,Healthy,Healthy,Healthy
Normal_3,3,Normal,Normal,0,3,11,Healthy,Healthy,Healthy,Healthy
Normal_3,4,Normal,Normal,0,3,11,Healthy,Healthy,Healthy,Healthy
Normal_3,5,Normal,Normal,0,3,11,Healthy,Healthy,Healthy,Healthy
Normal_3,6,Normal,Normal,0,3,11,Healthy,B,Healthy,B
Normal_3,7,Normal,Normal,0,3,11,Healthy,OR,Healthy,OR
Normal_3,8,Normal,Normal,0,3,11,Healthy,Healthy,Healthy,Healthy
Normal_3,9,Normal,Normal,0,3,11,Healthy,Healthy,Healthy,Undiagnosed
IR021_3,0,IR021,IR,21,3,11,IR,IR,IR,IR
IR021_3,1,IR021,IR,21,3,11,IR,IR,IR,IR
IR021_3,2,IR021,IR,21,3,11,IR,IR,IR,IR
IR021_3,3,IR021,IR,21,3,11,IR,IR,IR,IR
IR021_3,4,IR021,IR,21,3,11,IR,IR,IR,IR
IR021_3,5,IR021,IR,21,3,11,IR,IR,IR,IR
IR021_3,6,IR021,IR,21,3,11,IR,IR,IR,IR
IR021_3,7,IR021,IR,21,3,11,IR,IR,IR,IR
IR021_3,8,IR021,IR,21,3,11,IR,IR,IR,IR
IR021_3,9,IR021,IR,21,3,11,IR,IR,IR,IR
B021_3,0,B021,B,21,3,11,B,IR,Undiagnosed,IR
B021_3,1,B021,B,21,3,11,B,IR,Undiagnosed,IR
B021_3,2,B021,B,21,3,11,B,IR,B,IR
B021_3,3,B021,B,21,3,11,B,IR,Undiagnosed,IR
B021_3,4,B021,B,21,3,11,B,IR,Undiagnosed,B
B021_3,5,B021,B,21,3,11,B,IR,B,IR
B021_3,6,B021,B,21,3,11,B,IR,Undiagnosed,IR
B021_3,7,B021,B,21,3,11,B,IR,B,IR
B021_3,8,B021,B,21,3,11,B,IR,B,IR
B021_3,9,B021,B,21,3,11,B,IR,B,IR
OR021@6_3,0,OR021@6,OR,21,3,11,OR,OR,OR,OR
OR021@6_3,1,OR021@6,OR,21,3,11,OR,OR,OR,OR
OR021@6_3,2,OR021@6,OR,21,3,11,B,OR,Undiagnosed,OR
OR021@6_3,3,OR021@6,OR,21,3,11,OR,OR,Undiagnosed,OR
OR021@6_3,4,OR021@6,OR,21,3,11,B,OR,Undiagnosed,OR
OR021@6_3,5,OR021@6,OR,21,3,11,OR,OR,OR,OR
OR021@6_3,6,OR021@6,OR,21,3,11,B,OR,Undiagnosed,OR
OR021@6_3,7,OR021@6,OR,21,3,11,B,OR,Undiagnosed,OR
OR021@6_3,8,OR021@6,OR,21,3,11,B,OR,Undiagnosed,OR
OR021@6_3,9,OR021@6,OR,21,3,11,OR,OR,OR,OR
