recording,bearing,fault,core,load_hp,rpm,shaft_hz,signature,predicted_hz,measured_hz,measured_over_predicted,measured_multiple,prominence,present,sk_band_lo,sk_band_hi,sk,prominence_sk_band,top_peak_hz,top_peak_multiple
IR007_0,IR007,IR,True,0,1797.0,29.95,BPFI,162.18597267404033,161.69546035541995,0.9969756181096734,5.398846756441401,223.0350328371425,True,4000.0,5000.0,1.9876870024439808,104.4038832127064,161.69546035541995,5.398846756441401
IR007_1,IR007,IR,True,1,1772.0,29.533333333333335,BPFI,159.9296291476903,159.55275389168054,0.9976434932162462,5.402463450056903,245.4271534658925,True,4000.0,5000.0,2.1272884177095976,107.72320737659733,159.55275389168054,5.402463450056903
IR007_2,IR007,IR,True,2,1748.0,29.133333333333333,BPFI,157.76353936239425,157.39831008056595,0.9976849576061466,5.402687989035445,247.86494466798158,True,4000.0,5000.0,2.5132054416855345,115.31057183975356,157.39831008056595,5.402687989035445
IR007_3,IR007,IR,True,3,1721.0,28.683333333333334,BPFI,155.32668835393622,154.93381712863152,0.99747067790173,5.401527616338112,204.16575592882785,True,4000.0,5000.0,2.7518853400513743,119.56935825106241,154.93381712863152,5.401527616338112
IR014_0,IR014,IR,True,0,1796.0,29.933333333333334,BPFI,162.09571893298633,162.00778031285392,0.9994574895579521,5.412286647422737,117.82515926373901,True,2000.0,3000.0,14.906582277791621,134.09847484633363,162.00778031285392,5.412286647422737
IR014_1,IR014,IR,True,1,1774.0,29.566666666666666,BPFI,160.1101366297983,160.0380808561627,0.9995499612007566,5.412787402125007,91.48722892445531,True,2250.0,3000.0,13.233962510062716,93.42722947017641,160.0380808561627,5.412787402125007
IR014_2,IR014,IR,True,2,1752.0,29.2,BPFI,158.12455432661025,158.06838139947146,0.9996447551907545,5.413300732858612,75.19297733142055,True,2250.0,3000.0,13.558753026600838,78.33480514272053,158.06838139947146,5.413300732858612
IR014_3,IR014,IR,True,3,1728.0,28.8,BPFI,155.95846454131424,155.89025562649442,0.9995626469199961,5.412856098142167,76.33001614819875,True,3750.0,4500.0,13.971982165643798,67.60614957540798,155.89025562649442,5.412856098142167
IR021_0,IR021,IR,True,0,1797.0,29.95,BPFI,162.18597267404033,161.81961092552567,0.9977411008950141,5.402992017546767,153.38453921195082,True,3750.0,4500.0,3.7995379358950423,81.53263452966733,161.81961092552567,5.402992017546767
IR021_1,IR021,IR,True,1,1774.0,29.566666666666666,BPFI,160.1101366297983,159.82756918621868,0.9982351683064705,5.405667503479775,129.1694171484006,True,3750.0,4500.0,3.8482152353094365,94.90132930211261,159.82756918621868,5.405667503479775
IR021_2,IR021,IR,True,2,1752.0,29.2,BPFI,158.12455432661025,157.77292648096778,0.9977762603212391,5.403182413731773,153.1090680886599,True,3750.0,4500.0,4.040690990199041,91.01936417140823,157.77292648096778,5.403182413731773
IR021_3,IR021,IR,True,3,1728.0,28.8,BPFI,155.95846454131424,155.61803739620134,0.9978171935321746,5.403404076256991,133.9628076824151,True,3750.0,4500.0,5.196551029868104,92.9223545772352,155.61803739620134,5.403404076256991
B007_0,B007,B,True,0,1796.0,29.933333333333334,2xBSF,141.08907248279553,137.55292850674303,0.9749367976284364,4.595309415592752,5.5638260478221016,False,2437.5,2812.5,0.2562844625277947,5.578602073945688,215.38536848030935,7.195502287760892
B007_1,B007,B,True,1,1772.0,29.533333333333335,2xBSF,139.20369512222365,135.8042994810971,0.975579702549262,4.5983397115495634,5.29844834336853,False,937.5,1312.5,0.2745317631897537,7.857776470999562,159.4267358537188,5.3981964736022165
B007_2,B007,B,True,2,1748.0,29.133333333333333,2xBSF,137.31831776165177,139.78742308071998,1.0179808881969696,4.798195300253546,6.203389689007094,False,937.5,1312.5,0.23595847232049838,21.918487765265176,104.93928724209417,3.6020350311931635
B007_3,B007,B,True,3,1722.0,28.7,2xBSF,135.27582562103223,131.9885484879397,0.9756994487521987,4.598904128499641,4.626167603749725,False,937.5,1312.5,0.4920173507739669,7.850061055136588,57.35628023297903,1.998476663170001
B014_0,B014,B,True,0,1796.0,29.933333333333334,2xBSF,141.08907248279553,141.62139093609966,1.0037729247484353,4.731226868689298,3.8730783595132268,False,2000.0,3000.0,16.064991759123814,2.9864321547727757,52.68946046649049,1.7602269643593704
B014_1,B014,B,True,1,1772.0,29.533333333333335,2xBSF,139.20369512222365,135.29180585576736,0.9718980932006038,4.5809866542584885,4.640692626085384,False,3500.0,4000.0,10.772464511352718,4.781470245196078,135.29180585576736,4.5809866542584885
B014_2,B014,B,True,2,1749.0,29.15,2xBSF,137.3968751516756,137.3216056922232,0.9994521748812022,4.71086125873836,3.207747083898473,False,2625.0,3000.0,10.856407553169301,4.156636666023052,57.84033248354387,1.9842309599843524
B014_3,B014,B,True,3,1724.0,28.733333333333334,2xBSF,135.4329404010799,132.63902534879153,0.9793704910783575,4.616207378728244,5.268947865116738,False,3500.0,4000.0,17.590685910843618,3.3864459886646565,117.5083513460405,4.089617796265911
B021_0,B021,B,True,0,1796.0,29.933333333333334,2xBSF,141.08907248279553,140.2726430638326,0.9942133759575003,4.686168476520019,6.758217486607975,False,2812.5,3187.5,9.347344193238511,4.420611450237193,161.91358378896803,5.409139770232785
B021_1,B021,B,True,1,1774.0,29.566666666666666,2xBSF,139.3608099022713,137.45162324056497,0.9863004049485276,4.648871135532073,6.0197150520876574,False,3562.5,3937.5,13.40585551939898,6.561855673979314,130.2536544481968,4.405422360141944
B021_2,B021,B,True,2,1754.0,29.233333333333334,2xBSF,137.78966210179473,140.30261348005504,1.0182375901060257,4.799405250172921,2.9100802994095565,False,3562.5,3937.5,0.5125377063783656,3.8926407864976906,99.52839457653765,3.4046201109419947
B021_3,B021,B,True,3,1729.0,28.816666666666666,2xBSF,135.82572735119902,136.4708194144233,1.0047494099667604,4.735829476498205,2.73375512625771,False,3375.0,4125.0,0.5263777323230796,3.1230899996790473,98.15287875810573,3.406114936660696
OR007@6_0,OR007@6,OR,True,0,1796.0,29.933333333333334,BPFO,107.30428106701366,107.61449615135543,1.0028909851616081,3.595139069644391,692.2026358190816,True,4000.0,5000.0,2.8463654186985057,175.38402687222907,107.61449615135543,3.595139069644391
OR007@6_1,OR007@6,OR,True,1,1773.0,29.55,BPFO,105.9301171112557,106.25193994739679,1.0030380674062986,3.5956663264770485,631.7584794763254,True,3500.0,4500.0,3.432998454528506,513.9816703306593,106.25193994739679,3.5956663264770485
OR007@6_2,OR007@6,OR,True,2,1750.0,29.166666666666668,BPFO,104.55595315549773,104.9666419570052,1.0039279332176971,3.5988562956687495,527.0782737548153,True,3500.0,4500.0,3.599015827924383,453.512609028188,104.9666419570052,3.5988562956687495
OR007@6_3,OR007@6,OR,True,3,1725.0,28.75,BPFO,103.06229668184776,103.3849768705485,1.0031309237140023,3.595999195497339,594.6445868011399,True,3500.0,4500.0,3.5301438003882906,410.1983259175259,103.3849768705485,3.595999195497339
OR014@6_0,OR014@6,OR,True,0,1796.0,29.933333333333334,BPFO,107.30428106701366,107.54559033534133,1.0022488316955123,3.592837093608285,5.226982064204405,False,1500.0,1875.0,0.37292390907881723,2.833022645951834,179.14416558606766,5.9847716788218595
OR014@6_1,OR014@6,OR,True,1,1772.0,29.533333333333335,BPFO,105.8703708523097,106.70072705836118,1.007843140619672,3.61289143538469,5.091893785412501,False,2750.0,3250.0,0.11902173915390302,7.389653650420249,117.70485360581648,3.985491657081822
OR014@6_2,OR014@6,OR,True,2,1749.0,29.15,BPFO,104.49620689655171,105.18195098731185,1.0065623826081938,3.6083002053966333,7.685043637055424,False,4500.0,5000.0,0.1627482068231787,2.787908623766041,58.3031039180605,2.0001064808940137
OR014@6_3,OR014@6,OR,True,3,1723.0,28.716666666666665,BPFO,102.94280416395576,101.81078932052364,0.9890034582540692,3.54535540292015,3.163442495993786,False,3375.0,4125.0,1.3559460487688213,2.99180316887966,154.63435827233155,5.384829655449735
OR021@6_0,OR021@6,OR,True,0,1796.0,29.933333333333334,BPFO,107.30428106701366,107.52617907960726,1.0020679325222357,3.5921886106773027,93.21128324014029,True,3750.0,4500.0,15.342599638117097,50.53209202638973,107.52617907960726,3.5921886106773027
OR021@6_1,OR021@6,OR,True,1,1771.0,29.516666666666666,BPFO,105.81062459336368,106.04060955316376,1.0021735526151927,3.592567235002725,96.85071588435733,True,4000.0,5000.0,18.8610900229958,55.75214941431433,106.04060955316376,3.592567235002725
OR021@6_2,OR021@6,OR,True,2,1748.0,29.133333333333333,BPFO,104.43646063760572,104.61150955585903,1.0016761284055837,3.5907840808647267,86.8759256853032,True,4000.0,5000.0,21.113440185689225,52.61574247992001,104.61150955585903,3.5907840808647267
OR021@6_3,OR021@6,OR,True,3,1721.0,28.683333333333334,BPFO,102.82331164606376,102.9912042691674,1.0016328264516665,3.59062885307963,85.83619847372749,True,4000.0,5000.0,24.9307607892172,54.71111395489993,102.9912042691674,3.59062885307963
OR007@3_0,OR007@3,OR,False,0,1797.0,29.95,BPFO,107.36402732595965,107.75181753502179,1.003611919361825,3.597723456928941,255.13209869061382,True,4500.0,5000.0,1.8671101354535642,47.18644036148505,107.75181753502179,3.597723456928941
OR007@3_1,OR007@3,OR,False,1,1774.0,29.566666666666666,BPFO,105.98986337020169,106.3637706613266,1.003527764629896,3.59742178110462,356.7254489561091,True,4312.5,4687.5,1.32028554570693,36.00050848266614,106.3637706613266,3.59742178110462
OR007@3_2,OR007@3,OR,False,2,1751.0,29.183333333333334,BPFO,104.61569941444372,105.03800717364835,1.0040367531983094,3.5992463908731587,357.19864270827463,True,4500.0,5000.0,1.6819973654490141,51.59309461216877,105.03800717364835,3.5992463908731587
OR007@3_3,OR007@3,OR,False,3,1725.0,28.75,BPFO,103.06229668184776,103.53202868802184,1.0045577482871757,3.6011140413224987,298.2745402833209,True,4500.0,5000.0,1.8880491169808722,48.58772712792393,103.53202868802184,3.6011140413224987
OR021@3_0,OR021@3,OR,False,0,1796.0,29.933333333333334,BPFO,107.30428106701366,107.57512263662582,1.0025240518543992,3.593823696101085,91.29800404784852,True,2750.0,3250.0,5.8890258916176546,90.43783768347656,107.57512263662582,3.593823696101085
OR021@3_1,OR021@3,OR,False,1,1771.0,29.516666666666666,BPFO,105.81062459336368,106.04060955316376,1.0021735526151927,3.592567235002725,103.34146394135405,True,2750.0,3250.0,5.827150497196025,105.52543093926414,106.04060955316376,3.592567235002725
OR021@3_2,OR021@3,OR,False,2,1747.0,29.116666666666667,BPFO,104.37671437865973,104.61150955585903,1.0022494976834346,3.592839481025496,93.98453939663925,True,2750.0,3250.0,6.241859018698623,98.33773140262154,104.61150955585903,3.592839481025496
OR021@3_3,OR021@3,OR,False,3,1719.0,28.65,BPFO,102.70381912817176,102.96718412261743,1.002564315491686,3.5939680322030516,100.3906985708081,True,2750.0,3250.0,5.943018132079897,93.95496249095238,102.96718412261743,3.5939680322030516
OR007@12_0,OR007@12,OR,False,0,1797.0,29.95,BPFO,107.36402732595965,107.75181753502179,1.003611919361825,3.597723456928941,63.686810966005886,True,2250.0,3000.0,5.335816866187415,44.415506451782406,107.75181753502179,3.597723456928941
OR007@12_1,OR007@12,OR,False,1,1773.0,29.55,BPFO,105.9301171112557,107.7128640637424,1.0168294626788181,3.645105382867763,64.10315944644363,True,2250.0,3000.0,6.759843812195502,46.161908522455484,107.7128640637424,3.645105382867763
OR007@12_2,OR007@12,OR,False,2,1750.0,29.166666666666668,BPFO,104.55595315549773,104.90591342890554,1.0033471099717042,3.5967741747053323,124.98687748767018,True,2437.5,2812.5,8.5609277459419,88.49053196501217,104.90591342890554,3.5967741747053323
OR007@12_3,OR007@12,OR,False,3,1724.0,28.733333333333334,BPFO,103.00255042290176,103.3601886421694,1.0034721297462954,3.597222342534898,115.32090953755184,True,2437.5,2812.5,7.598551004965087,82.96373471220207,103.3601886421694,3.597222342534898
OR021@12_0,OR021@12,OR,False,0,1796.0,29.933333333333334,BPFO,107.30428106701366,107.6440753081759,1.003166641980948,3.596127237466901,131.24127365820544,True,2500.0,3500.0,24.66958821668434,128.43478630381205,59.87886348341349,2.0004074660383124
OR021@12_1,OR021@12,OR,False,1,1771.0,29.516666666666666,BPFO,105.81062459336368,106.05590315782594,1.0023180901294635,3.593085369548027,142.03174940568672,True,2500.0,3500.0,23.536949280867375,143.03314524088748,59.00707366082368,1.999110344240215
OR021@12_2,OR021@12,OR,False,2,1746.0,29.1,BPFO,104.31696811971374,104.63183284983215,1.003018346255588,3.5955956305784245,131.23873756442237,True,2500.0,3500.0,24.141920712142362,120.13008841149318,58.183122005280495,1.9994200001814602
OR021@12_3,OR021@12,OR,False,3,1718.0,28.633333333333333,BPFO,102.64407286922577,102.9408139620874,1.0028909715346126,3.595139020794671,101.23350308072341,True,2500.0,3500.0,23.655158967301954,106.05898218388795,57.28794340227278,2.0007430757487583
