recording,window,bearing,fault,size_mils,load_hp,forest,fold,rule_fixed_band,rule_sk_band
Normal_0,0,Normal,Normal,0,0,Normal,0,IR,Normal
Normal_0,1,Normal,Normal,0,0,Normal,0,Normal,IR
Normal_0,2,Normal,Normal,0,0,Normal,0,IR,Normal
Normal_0,3,Normal,Normal,0,0,Normal,0,Normal,IR
Normal_0,4,Normal,Normal,0,0,Normal,0,Normal,Normal
IR007_0,0,IR007,IR,7,0,IR,0,IR,IR
IR007_0,1,IR007,IR,7,0,IR,0,IR,IR
IR007_0,2,IR007,IR,7,0,IR,0,IR,IR
IR007_0,3,IR007,IR,7,0,IR,0,IR,IR
IR007_0,4,IR007,IR,7,0,IR,0,IR,IR
IR007_0,5,IR007,IR,7,0,IR,0,IR,IR
IR007_0,6,IR007,IR,7,0,IR,0,IR,IR
IR007_0,7,IR007,IR,7,0,IR,0,IR,IR
IR007_0,8,IR007,IR,7,0,IR,0,IR,IR
IR007_0,9,IR007,IR,7,0,IR,0,IR,IR
B007_0,0,B007,B,7,0,B,0,IR,OR
B007_0,1,B007,B,7,0,B,0,IR,OR
B007_0,2,B007,B,7,0,B,0,OR,OR
B007_0,3,B007,B,7,0,B,0,OR,OR
B007_0,4,B007,B,7,0,B,0,IR,B
B007_0,5,B007,B,7,0,B,0,B,Normal
B007_0,6,B007,B,7,0,B,0,Normal,Normal
B007_0,7,B007,B,7,0,B,0,IR,OR
B007_0,8,B007,B,7,0,B,0,Normal,IR
B007_0,9,B007,B,7,0,B,0,IR,OR
OR007@6_0,0,OR007@6,OR,7,0,OR,0,OR,OR
OR007@6_0,1,OR007@6,OR,7,0,OR,0,OR,OR
OR007@6_0,2,OR007@6,OR,7,0,OR,0,OR,OR
OR007@6_0,3,OR007@6,OR,7,0,OR,0,OR,OR
OR007@6_0,4,OR007@6,OR,7,0,OR,0,OR,OR
OR007@6_0,5,OR007@6,OR,7,0,OR,0,OR,OR
OR007@6_0,6,OR007@6,OR,7,0,OR,0,OR,OR
OR007@6_0,7,OR007@6,OR,7,0,OR,0,OR,OR
OR007@6_0,8,OR007@6,OR,7,0,OR,0,OR,OR
OR007@6_0,9,OR007@6,OR,7,0,OR,0,OR,OR
Normal_1,0,Normal,Normal,0,1,Normal,1,Normal,Normal
Normal_1,1,Normal,Normal,0,1,Normal,1,Normal,Normal
Normal_1,2,Normal,Normal,0,1,Normal,1,Normal,Normal
Normal_1,3,Normal,Normal,0,1,Normal,1,Normal,Normal
Normal_1,4,Normal,Normal,0,1,Normal,1,IR,Normal
Normal_1,5,Normal,Normal,0,1,Normal,1,Normal,Normal
Normal_1,6,Normal,Normal,0,1,Normal,1,Normal,Normal
Normal_1,7,Normal,Normal,0,1,Normal,1,Normal,Normal
Normal_1,8,Normal,Normal,0,1,Normal,1,Normal,Normal
Normal_1,9,Normal,Normal,0,1,Normal,1,Normal,Normal
IR007_1,0,IR007,IR,7,1,IR,1,IR,IR
IR007_1,1,IR007,IR,7,1,IR,1,IR,IR
IR007_1,2,IR007,IR,7,1,IR,1,IR,IR
IR007_1,3,IR007,IR,7,1,IR,1,IR,IR
IR007_1,4,IR007,IR,7,1,IR,1,IR,IR
IR007_1,5,IR007,IR,7,1,IR,1,IR,IR
IR007_1,6,IR007,IR,7,1,IR,1,IR,IR
IR007_1,7,IR007,IR,7,1,IR,1,IR,IR
IR007_1,8,IR007,IR,7,1,IR,1,IR,IR
IR007_1,9,IR007,IR,7,1,IR,1,IR,IR
B007_1,0,B007,B,7,1,B,1,OR,OR
B007_1,1,B007,B,7,1,B,1,OR,OR
B007_1,2,B007,B,7,1,B,1,IR,IR
B007_1,3,B007,B,7,1,B,1,IR,IR
B007_1,4,B007,B,7,1,B,1,OR,OR
B007_1,5,B007,B,7,1,B,1,IR,IR
B007_1,6,B007,B,7,1,B,1,IR,IR
B007_1,7,B007,B,7,1,B,1,IR,IR
B007_1,8,B007,B,7,1,B,1,IR,IR
B007_1,9,B007,B,7,1,B,1,IR,OR
OR007@6_1,0,OR007@6,OR,7,1,IR,1,OR,OR
OR007@6_1,1,OR007@6,OR,7,1,IR,1,OR,OR
OR007@6_1,2,OR007@6,OR,7,1,IR,1,OR,OR
OR007@6_1,3,OR007@6,OR,7,1,IR,1,OR,OR
OR007@6_1,4,OR007@6,OR,7,1,IR,1,OR,OR
OR007@6_1,5,OR007@6,OR,7,1,IR,1,OR,OR
OR007@6_1,6,OR007@6,OR,7,1,IR,1,OR,OR
OR007@6_1,7,OR007@6,OR,7,1,IR,1,OR,OR
OR007@6_1,8,OR007@6,OR,7,1,IR,1,OR,OR
OR007@6_1,9,OR007@6,OR,7,1,IR,1,OR,OR
Normal_2,0,Normal,Normal,0,2,Normal,2,OR,IR
Normal_2,1,Normal,Normal,0,2,Normal,2,Normal,B
Normal_2,2,Normal,Normal,0,2,Normal,2,Normal,OR
Normal_2,3,Normal,Normal,0,2,Normal,2,Normal,IR
Normal_2,4,Normal,Normal,0,2,Normal,2,Normal,Normal
Normal_2,5,Normal,Normal,0,2,Normal,2,Normal,Normal
Normal_2,6,Normal,Normal,0,2,Normal,2,Normal,Normal
Normal_2,7,Normal,Normal,0,2,Normal,2,Normal,Normal
Normal_2,8,Normal,Normal,0,2,Normal,2,Normal,Normal
Normal_2,9,Normal,Normal,0,2,Normal,2,Normal,Normal
IR007_2,0,IR007,IR,7,2,IR,2,IR,IR
IR007_2,1,IR007,IR,7,2,IR,2,IR,IR
IR007_2,2,IR007,IR,7,2,IR,2,IR,IR
IR007_2,3,IR007,IR,7,2,IR,2,IR,IR
IR007_2,4,IR007,IR,7,2,IR,2,IR,IR
IR007_2,5,IR007,IR,7,2,IR,2,IR,IR
IR007_2,6,IR007,IR,7,2,IR,2,IR,IR
IR007_2,7,IR007,IR,7,2,IR,2,IR,IR
IR007_2,8,IR007,IR,7,2,IR,2,IR,IR
IR007_2,9,IR007,IR,7,2,IR,2,IR,IR
B007_2,0,B007,B,7,2,B,2,IR,OR
B007_2,1,B007,B,7,2,B,2,IR,B
B007_2,2,B007,B,7,2,B,2,IR,B
B007_2,3,B007,B,7,2,B,2,IR,B
B007_2,4,B007,B,7,2,B,2,OR,Normal
B007_2,5,B007,B,7,2,B,2,IR,OR
B007_2,6,B007,B,7,2,B,2,IR,B
B007_2,7,B007,B,7,2,B,2,IR,OR
B007_2,8,B007,B,7,2,B,2,OR,B
B007_2,9,B007,B,7,2,B,2,IR,B
OR007@6_2,0,OR007@6,OR,7,2,OR,2,OR,OR
OR007@6_2,1,OR007@6,OR,7,2,OR,2,OR,OR
OR007@6_2,2,OR007@6,OR,7,2,OR,2,OR,OR
OR007@6_2,3,OR007@6,OR,7,2,OR,2,OR,OR
OR007@6_2,4,OR007@6,OR,7,2,OR,2,OR,OR
OR007@6_2,5,OR007@6,OR,7,2,OR,2,OR,OR
OR007@6_2,6,OR007@6,OR,7,2,OR,2,OR,OR
OR007@6_2,7,OR007@6,OR,7,2,OR,2,OR,OR
OR007@6_2,8,OR007@6,OR,7,2,OR,2,OR,OR
OR007@6_2,9,OR007@6,OR,7,2,OR,2,OR,OR
Normal_3,0,Normal,Normal,0,3,Normal,3,B,Normal
Normal_3,1,Normal,Normal,0,3,Normal,3,B,Normal
Normal_3,2,Normal,Normal,0,3,Normal,3,Normal,IR
Normal_3,3,Normal,Normal,0,3,Normal,3,Normal,IR
Normal_3,4,Normal,Normal,0,3,Normal,3,Normal,Normal
Normal_3,5,Normal,Normal,0,3,Normal,3,Normal,Normal
Normal_3,6,Normal,Normal,0,3,Normal,3,B,OR
Normal_3,7,Normal,Normal,0,3,Normal,3,OR,B
Normal_3,8,Normal,Normal,0,3,Normal,3,Normal,Normal
Normal_3,9,Normal,Normal,0,3,Normal,3,Normal,Normal
IR007_3,0,IR007,IR,7,3,IR,3,IR,IR
IR007_3,1,IR007,IR,7,3,IR,3,IR,IR
IR007_3,2,IR007,IR,7,3,IR,3,IR,IR
IR007_3,3,IR007,IR,7,3,IR,3,IR,IR
IR007_3,4,IR007,IR,7,3,IR,3,IR,IR
IR007_3,5,IR007,IR,7,3,IR,3,IR,IR
IR007_3,6,IR007,IR,7,3,IR,3,IR,IR
IR007_3,7,IR007,IR,7,3,IR,3,IR,IR
IR007_3,8,IR007,IR,7,3,IR,3,IR,IR
IR007_3,9,IR007,IR,7,3,IR,3,IR,IR
B007_3,0,B007,B,7,3,B,3,B,OR
B007_3,1,B007,B,7,3,B,3,Normal,IR
B007_3,2,B007,B,7,3,B,3,B,Normal
B007_3,3,B007,B,7,3,B,3,IR,IR
B007_3,4,B007,B,7,3,B,3,IR,OR
B007_3,5,B007,B,7,3,B,3,IR,OR
B007_3,6,B007,B,7,3,B,3,IR,IR
B007_3,7,B007,B,7,3,B,3,IR,Normal
B007_3,8,B007,B,7,3,B,3,IR,OR
B007_3,9,B007,B,7,3,B,3,OR,OR
OR007@6_3,0,OR007@6,OR,7,3,OR,3,OR,OR
OR007@6_3,1,OR007@6,OR,7,3,OR,3,OR,OR
OR007@6_3,2,OR007@6,OR,7,3,OR,3,OR,OR
OR007@6_3,3,OR007@6,OR,7,3,OR,3,OR,OR
OR007@6_3,4,OR007@6,OR,7,3,OR,3,OR,OR
OR007@6_3,5,OR007@6,OR,7,3,IR,3,OR,OR
OR007@6_3,6,OR007@6,OR,7,3,OR,3,OR,OR
OR007@6_3,7,OR007@6,OR,7,3,IR,3,OR,OR
OR007@6_3,8,OR007@6,OR,7,3,IR,3,OR,OR
OR007@6_3,9,OR007@6,OR,7,3,OR,3,OR,OR
Normal_0,0,Normal,Normal,0,0,Normal,4,Normal,Normal
Normal_0,1,Normal,Normal,0,0,Normal,4,Normal,IR
Normal_0,2,Normal,Normal,0,0,Normal,4,Normal,Normal
Normal_0,3,Normal,Normal,0,0,Normal,4,Normal,IR
Normal_0,4,Normal,Normal,0,0,Normal,4,Normal,Normal
IR014_0,0,IR014,IR,14,0,IR,4,IR,IR
IR014_0,1,IR014,IR,14,0,IR,4,IR,IR
IR014_0,2,IR014,IR,14,0,IR,4,IR,IR
IR014_0,3,IR014,IR,14,0,IR,4,IR,IR
IR014_0,4,IR014,IR,14,0,IR,4,IR,IR
IR014_0,5,IR014,IR,14,0,IR,4,IR,IR
IR014_0,6,IR014,IR,14,0,IR,4,IR,IR
IR014_0,7,IR014,IR,14,0,IR,4,IR,IR
IR014_0,8,IR014,IR,14,0,IR,4,IR,IR
IR014_0,9,IR014,IR,14,0,IR,4,IR,IR
B014_0,0,B014,B,14,0,B,4,Normal,Normal
B014_0,1,B014,B,14,0,B,4,B,B
B014_0,2,B014,B,14,0,B,4,B,B
B014_0,3,B014,B,14,0,B,4,Normal,Normal
B014_0,4,B014,B,14,0,B,4,Normal,Normal
B014_0,5,B014,B,14,0,B,4,Normal,Normal
B014_0,6,B014,B,14,0,B,4,Normal,Normal
B014_0,7,B014,B,14,0,B,4,Normal,Normal
B014_0,8,B014,B,14,0,B,4,B,Normal
B014_0,9,B014,B,14,0,B,4,Normal,B
OR014@6_0,0,OR014@6,OR,14,0,B,4,IR,IR
OR014@6_0,1,OR014@6,OR,14,0,B,4,Normal,Normal
OR014@6_0,2,OR014@6,OR,14,0,B,4,IR,Normal
OR014@6_0,3,OR014@6,OR,14,0,B,4,Normal,Normal
OR014@6_0,4,OR014@6,OR,14,0,B,4,IR,OR
OR014@6_0,5,OR014@6,OR,14,0,B,4,B,Normal
OR014@6_0,6,OR014@6,OR,14,0,B,4,IR,Normal
OR014@6_0,7,OR014@6,OR,14,0,B,4,IR,OR
OR014@6_0,8,OR014@6,OR,14,0,B,4,Normal,Normal
OR014@6_0,9,OR014@6,OR,14,0,B,4,IR,Normal
Normal_1,0,Normal,Normal,0,1,Normal,5,Normal,Normal
Normal_1,1,Normal,Normal,0,1,Normal,5,Normal,Normal
Normal_1,2,Normal,Normal,0,1,Normal,5,Normal,Normal
Normal_1,3,Normal,Normal,0,1,Normal,5,Normal,Normal
Normal_1,4,Normal,Normal,0,1,Normal,5,Normal,Normal
Normal_1,5,Normal,Normal,0,1,Normal,5,Normal,Normal
Normal_1,6,Normal,Normal,0,1,Normal,5,Normal,Normal
Normal_1,7,Normal,Normal,0,1,Normal,5,Normal,Normal
Normal_1,8,Normal,Normal,0,1,Normal,5,Normal,Normal
Normal_1,9,Normal,Normal,0,1,Normal,5,Normal,Normal
IR014_1,0,IR014,IR,14,1,B,5,IR,IR
IR014_1,1,IR014,IR,14,1,IR,5,IR,IR
IR014_1,2,IR014,IR,14,1,B,5,IR,IR
IR014_1,3,IR014,IR,14,1,IR,5,IR,IR
IR014_1,4,IR014,IR,14,1,B,5,IR,IR
IR014_1,5,IR014,IR,14,1,B,5,IR,IR
IR014_1,6,IR014,IR,14,1,IR,5,IR,IR
IR014_1,7,IR014,IR,14,1,B,5,IR,IR
IR014_1,8,IR014,IR,14,1,B,5,IR,IR
IR014_1,9,IR014,IR,14,1,B,5,IR,IR
B014_1,0,B014,B,14,1,B,5,B,Normal
B014_1,1,B014,B,14,1,B,5,Normal,Normal
B014_1,2,B014,B,14,1,B,5,Normal,Normal
B014_1,3,B014,B,14,1,B,5,B,B
B014_1,4,B014,B,14,1,B,5,B,Normal
B014_1,5,B014,B,14,1,B,5,Normal,Normal
B014_1,6,B014,B,14,1,B,5,B,B
B014_1,7,B014,B,14,1,B,5,Normal,Normal
B014_1,8,B014,B,14,1,B,5,B,Normal
B014_1,9,B014,B,14,1,B,5,OR,Normal
OR014@6_1,0,OR014@6,OR,14,1,B,5,IR,Normal
OR014@6_1,1,OR014@6,OR,14,1,B,5,IR,IR
OR014@6_1,2,OR014@6,OR,14,1,B,5,IR,IR
OR014@6_1,3,OR014@6,OR,14,1,B,5,IR,Normal
OR014@6_1,4,OR014@6,OR,14,1,B,5,IR,Normal
OR014@6_1,5,OR014@6,OR,14,1,B,5,IR,IR
OR014@6_1,6,OR014@6,OR,14,1,B,5,IR,Normal
OR014@6_1,7,OR014@6,OR,14,1,B,5,IR,Normal
OR014@6_1,8,OR014@6,OR,14,1,B,5,IR,IR
OR014@6_1,9,OR014@6,OR,14,1,B,5,OR,Normal
Normal_2,0,Normal,Normal,0,2,Normal,6,Normal,IR
Normal_2,1,Normal,Normal,0,2,Normal,6,Normal,B
Normal_2,2,Normal,Normal,0,2,Normal,6,Normal,OR
Normal_2,3,Normal,Normal,0,2,Normal,6,Normal,IR
Normal_2,4,Normal,Normal,0,2,Normal,6,Normal,Normal
Normal_2,5,Normal,Normal,0,2,Normal,6,Normal,Normal
Normal_2,6,Normal,Normal,0,2,Normal,6,Normal,Normal
Normal_2,7,Normal,Normal,0,2,Normal,6,Normal,Normal
Normal_2,8,Normal,Normal,0,2,Normal,6,Normal,Normal
Normal_2,9,Normal,Normal,0,2,Normal,6,Normal,Normal
IR014_2,0,IR014,IR,14,2,B,6,IR,IR
IR014_2,1,IR014,IR,14,2,B,6,IR,IR
IR014_2,2,IR014,IR,14,2,B,6,IR,IR
IR014_2,3,IR014,IR,14,2,B,6,IR,IR
IR014_2,4,IR014,IR,14,2,B,6,IR,IR
IR014_2,5,IR014,IR,14,2,B,6,IR,IR
IR014_2,6,IR014,IR,14,2,B,6,IR,IR
IR014_2,7,IR014,IR,14,2,B,6,IR,IR
IR014_2,8,IR014,IR,14,2,B,6,IR,IR
IR014_2,9,IR014,IR,14,2,B,6,IR,IR
B014_2,0,B014,B,14,2,B,6,B,B
B014_2,1,B014,B,14,2,B,6,B,B
B014_2,2,B014,B,14,2,B,6,Normal,Normal
B014_2,3,B014,B,14,2,B,6,Normal,IR
B014_2,4,B014,B,14,2,B,6,Normal,B
B014_2,5,B014,B,14,2,B,6,Normal,IR
B014_2,6,B014,B,14,2,B,6,Normal,Normal
B014_2,7,B014,B,14,2,B,6,Normal,Normal
B014_2,8,B014,B,14,2,B,6,B,Normal
B014_2,9,B014,B,14,2,B,6,Normal,B
OR014@6_2,0,OR014@6,OR,14,2,B,6,IR,B
OR014@6_2,1,OR014@6,OR,14,2,B,6,IR,B
OR014@6_2,2,OR014@6,OR,14,2,B,6,IR,Normal
OR014@6_2,3,OR014@6,OR,14,2,B,6,IR,OR
OR014@6_2,4,OR014@6,OR,14,2,B,6,IR,B
OR014@6_2,5,OR014@6,OR,14,2,B,6,IR,OR
OR014@6_2,6,OR014@6,OR,14,2,B,6,Normal,Normal
OR014@6_2,7,OR014@6,OR,14,2,B,6,IR,IR
OR014@6_2,8,OR014@6,OR,14,2,B,6,Normal,IR
OR014@6_2,9,OR014@6,OR,14,2,B,6,IR,B
Normal_3,0,Normal,Normal,0,3,Normal,7,B,Normal
Normal_3,1,Normal,Normal,0,3,Normal,7,Normal,Normal
Normal_3,2,Normal,Normal,0,3,Normal,7,Normal,IR
Normal_3,3,Normal,Normal,0,3,Normal,7,Normal,IR
Normal_3,4,Normal,Normal,0,3,Normal,7,Normal,Normal
Normal_3,5,Normal,Normal,0,3,Normal,7,Normal,Normal
Normal_3,6,Normal,Normal,0,3,Normal,7,Normal,OR
Normal_3,7,Normal,Normal,0,3,Normal,7,OR,B
Normal_3,8,Normal,Normal,0,3,Normal,7,Normal,Normal
Normal_3,9,Normal,Normal,0,3,Normal,7,Normal,Normal
IR014_3,0,IR014,IR,14,3,B,7,IR,IR
IR014_3,1,IR014,IR,14,3,B,7,IR,IR
IR014_3,2,IR014,IR,14,3,B,7,IR,IR
IR014_3,3,IR014,IR,14,3,B,7,IR,IR
IR014_3,4,IR014,IR,14,3,B,7,IR,IR
IR014_3,5,IR014,IR,14,3,B,7,IR,IR
IR014_3,6,IR014,IR,14,3,B,7,IR,IR
IR014_3,7,IR014,IR,14,3,B,7,IR,IR
IR014_3,8,IR014,IR,14,3,B,7,IR,IR
IR014_3,9,IR014,IR,14,3,B,7,IR,IR
B014_3,0,B014,B,14,3,B,7,Normal,Normal
B014_3,1,B014,B,14,3,B,7,Normal,Normal
B014_3,2,B014,B,14,3,B,7,Normal,Normal
B014_3,3,B014,B,14,3,B,7,B,B
B014_3,4,B014,B,14,3,B,7,Normal,Normal
B014_3,5,B014,B,14,3,B,7,Normal,Normal
B014_3,6,B014,B,14,3,B,7,B,B
B014_3,7,B014,B,14,3,B,7,Normal,Normal
B014_3,8,B014,B,14,3,B,7,B,B
B014_3,9,B014,B,14,3,B,7,Normal,Normal
OR014@6_3,0,OR014@6,OR,14,3,B,7,Normal,Normal
OR014@6_3,1,OR014@6,OR,14,3,B,7,IR,IR
OR014@6_3,2,OR014@6,OR,14,3,B,7,B,Normal
OR014@6_3,3,OR014@6,OR,14,3,B,7,IR,OR
OR014@6_3,4,OR014@6,OR,14,3,B,7,OR,Normal
OR014@6_3,5,OR014@6,OR,14,3,B,7,IR,Normal
OR014@6_3,6,OR014@6,OR,14,3,B,7,IR,Normal
OR014@6_3,7,OR014@6,OR,14,3,B,7,Normal,IR
OR014@6_3,8,OR014@6,OR,14,3,B,7,IR,Normal
OR014@6_3,9,OR014@6,OR,14,3,B,7,Normal,Normal
Normal_0,0,Normal,Normal,0,0,Normal,8,IR,Normal
Normal_0,1,Normal,Normal,0,0,Normal,8,Normal,IR
Normal_0,2,Normal,Normal,0,0,Normal,8,IR,Normal
Normal_0,3,Normal,Normal,0,0,Normal,8,Normal,IR
Normal_0,4,Normal,Normal,0,0,Normal,8,Normal,Normal
IR021_0,0,IR021,IR,21,0,IR,8,IR,IR
IR021_0,1,IR021,IR,21,0,IR,8,IR,IR
IR021_0,2,IR021,IR,21,0,IR,8,IR,IR
IR021_0,3,IR021,IR,21,0,IR,8,IR,IR
IR021_0,4,IR021,IR,21,0,IR,8,IR,IR
IR021_0,5,IR021,IR,21,0,IR,8,IR,IR
IR021_0,6,IR021,IR,21,0,IR,8,IR,IR
IR021_0,7,IR021,IR,21,0,IR,8,IR,IR
IR021_0,8,IR021,IR,21,0,IR,8,IR,IR
IR021_0,9,IR021,IR,21,0,IR,8,IR,IR
B021_0,0,B021,B,21,0,B,8,IR,IR
B021_0,1,B021,B,21,0,B,8,IR,IR
B021_0,2,B021,B,21,0,B,8,IR,Normal
B021_0,3,B021,B,21,0,B,8,IR,Normal
B021_0,4,B021,B,21,0,B,8,IR,Normal
B021_0,5,B021,B,21,0,B,8,IR,OR
B021_0,6,B021,B,21,0,B,8,B,B
B021_0,7,B021,B,21,0,B,8,B,B
B021_0,8,B021,B,21,0,B,8,IR,IR
B021_0,9,B021,B,21,0,B,8,IR,IR
OR021@6_0,0,OR021@6,OR,21,0,OR,8,OR,OR
OR021@6_0,1,OR021@6,OR,21,0,B,8,OR,OR
OR021@6_0,2,OR021@6,OR,21,0,B,8,OR,OR
OR021@6_0,3,OR021@6,OR,21,0,OR,8,OR,OR
OR021@6_0,4,OR021@6,OR,21,0,OR,8,OR,OR
OR021@6_0,5,OR021@6,OR,21,0,OR,8,OR,OR
OR021@6_0,6,OR021@6,OR,21,0,OR,8,OR,OR
OR021@6_0,7,OR021@6,OR,21,0,B,8,OR,OR
OR021@6_0,8,OR021@6,OR,21,0,OR,8,OR,OR
OR021@6_0,9,OR021@6,OR,21,0,OR,8,OR,OR
Normal_1,0,Normal,Normal,0,1,Normal,9,Normal,Normal
Normal_1,1,Normal,Normal,0,1,Normal,9,Normal,Normal
Normal_1,2,Normal,Normal,0,1,Normal,9,Normal,Normal
Normal_1,3,Normal,Normal,0,1,Normal,9,Normal,Normal
Normal_1,4,Normal,Normal,0,1,Normal,9,IR,Normal
Normal_1,5,Normal,Normal,0,1,Normal,9,Normal,Normal
Normal_1,6,Normal,Normal,0,1,Normal,9,Normal,Normal
Normal_1,7,Normal,Normal,0,1,Normal,9,Normal,Normal
Normal_1,8,Normal,Normal,0,1,Normal,9,Normal,Normal
Normal_1,9,Normal,Normal,0,1,Normal,9,Normal,Normal
IR021_1,0,IR021,IR,21,1,IR,9,IR,IR
IR021_1,1,IR021,IR,21,1,IR,9,IR,IR
IR021_1,2,IR021,IR,21,1,IR,9,IR,IR
IR021_1,3,IR021,IR,21,1,IR,9,IR,IR
IR021_1,4,IR021,IR,21,1,IR,9,IR,IR
IR021_1,5,IR021,IR,21,1,IR,9,IR,IR
IR021_1,6,IR021,IR,21,1,IR,9,IR,IR
IR021_1,7,IR021,IR,21,1,IR,9,IR,IR
IR021_1,8,IR021,IR,21,1,IR,9,IR,IR
IR021_1,9,IR021,IR,21,1,IR,9,IR,IR
B021_1,0,B021,B,21,1,B,9,IR,IR
B021_1,1,B021,B,21,1,OR,9,IR,IR
B021_1,2,B021,B,21,1,OR,9,IR,IR
B021_1,3,B021,B,21,1,B,9,B,Normal
B021_1,4,B021,B,21,1,OR,9,IR,IR
B021_1,5,B021,B,21,1,OR,9,IR,IR
B021_1,6,B021,B,21,1,B,9,IR,Normal
B021_1,7,B021,B,21,1,B,9,B,B
B021_1,8,B021,B,21,1,B,9,B,B
B021_1,9,B021,B,21,1,B,9,B,B
OR021@6_1,0,OR021@6,OR,21,1,OR,9,OR,OR
OR021@6_1,1,OR021@6,OR,21,1,OR,9,OR,OR
OR021@6_1,2,OR021@6,OR,21,1,OR,9,OR,OR
OR021@6_1,3,OR021@6,OR,21,1,OR,9,OR,OR
OR021@6_1,4,OR021@6,OR,21,1,OR,9,OR,OR
OR021@6_1,5,OR021@6,OR,21,1,B,9,OR,OR
OR021@6_1,6,OR021@6,OR,21,1,B,9,OR,OR
OR021@6_1,7,OR021@6,OR,21,1,OR,9,OR,OR
OR021@6_1,8,OR021@6,OR,21,1,OR,9,OR,OR
OR021@6_1,9,OR021@6,OR,21,1,B,9,OR,OR
Normal_2,0,Normal,Normal,0,2,Normal,10,OR,Normal
Normal_2,1,Normal,Normal,0,2,Normal,10,Normal,Normal
Normal_2,2,Normal,Normal,0,2,Normal,10,Normal,Normal
Normal_2,3,Normal,Normal,0,2,Normal,10,Normal,Normal
Normal_2,4,Normal,Normal,0,2,Normal,10,Normal,Normal
Normal_2,5,Normal,Normal,0,2,Normal,10,Normal,Normal
Normal_2,6,Normal,Normal,0,2,Normal,10,Normal,Normal
Normal_2,7,Normal,Normal,0,2,Normal,10,Normal,Normal
Normal_2,8,Normal,Normal,0,2,Normal,10,Normal,Normal
Normal_2,9,Normal,Normal,0,2,Normal,10,Normal,Normal
IR021_2,0,IR021,IR,21,2,IR,10,IR,IR
IR021_2,1,IR021,IR,21,2,IR,10,IR,IR
IR021_2,2,IR021,IR,21,2,IR,10,IR,IR
IR021_2,3,IR021,IR,21,2,IR,10,IR,IR
IR021_2,4,IR021,IR,21,2,IR,10,IR,IR
IR021_2,5,IR021,IR,21,2,IR,10,IR,IR
IR021_2,6,IR021,IR,21,2,IR,10,IR,IR
IR021_2,7,IR021,IR,21,2,IR,10,IR,IR
IR021_2,8,IR021,IR,21,2,IR,10,IR,IR
IR021_2,9,IR021,IR,21,2,IR,10,IR,IR
B021_2,0,B021,B,21,2,OR,10,IR,IR
B021_2,1,B021,B,21,2,OR,10,IR,IR
B021_2,2,B021,B,21,2,OR,10,IR,IR
B021_2,3,B021,B,21,2,OR,10,IR,OR
B021_2,4,B021,B,21,2,OR,10,IR,IR
B021_2,5,B021,B,21,2,OR,10,IR,IR
B021_2,6,B021,B,21,2,OR,10,IR,IR
B021_2,7,B021,B,21,2,OR,10,IR,IR
B021_2,8,B021,B,21,2,OR,10,IR,OR
B021_2,9,B021,B,21,2,OR,10,IR,Normal
OR021@6_2,0,OR021@6,OR,21,2,OR,10,OR,OR
OR021@6_2,1,OR021@6,OR,21,2,OR,10,OR,OR
OR021@6_2,2,OR021@6,OR,21,2,OR,10,OR,OR
OR021@6_2,3,OR021@6,OR,21,2,OR,10,OR,OR
OR021@6_2,4,OR021@6,OR,21,2,OR,10,OR,OR
OR021@6_2,5,OR021@6,OR,21,2,OR,10,OR,OR
OR021@6_2,6,OR021@6,OR,21,2,OR,10,OR,OR
OR021@6_2,7,OR021@6,OR,21,2,OR,10,OR,OR
OR021@6_2,8,OR021@6,OR,21,2,OR,10,OR,OR
OR021@6_2,9,OR021@6,OR,21,2,OR,10,OR,OR
Normal_3,0,Normal,Normal,0,3,Normal,11,B,Normal
Normal_3,1,Normal,Normal,0,3,Normal,11,B,Normal
Normal_3,2,Normal,Normal,0,3,Normal,11,Normal,Normal
Normal_3,3,Normal,Normal,0,3,Normal,11,Normal,Normal
Normal_3,4,Normal,Normal,0,3,Normal,11,Normal,Normal
Normal_3,5,Normal,Normal,0,3,Normal,11,Normal,Normal
Normal_3,6,Normal,Normal,0,3,Normal,11,B,Normal
Normal_3,7,Normal,Normal,0,3,Normal,11,OR,B
Normal_3,8,Normal,Normal,0,3,Normal,11,Normal,Normal
Normal_3,9,Normal,Normal,0,3,Normal,11,Normal,Normal
IR021_3,0,IR021,IR,21,3,IR,11,IR,IR
IR021_3,1,IR021,IR,21,3,IR,11,IR,IR
IR021_3,2,IR021,IR,21,3,IR,11,IR,IR
IR021_3,3,IR021,IR,21,3,IR,11,IR,IR
IR021_3,4,IR021,IR,21,3,IR,11,IR,IR
IR021_3,5,IR021,IR,21,3,IR,11,IR,IR
IR021_3,6,IR021,IR,21,3,IR,11,IR,IR
IR021_3,7,IR021,IR,21,3,IR,11,IR,IR
IR021_3,8,IR021,IR,21,3,IR,11,IR,IR
IR021_3,9,IR021,IR,21,3,IR,11,IR,IR
B021_3,0,B021,B,21,3,B,11,IR,IR
B021_3,1,B021,B,21,3,B,11,IR,IR
B021_3,2,B021,B,21,3,B,11,IR,IR
B021_3,3,B021,B,21,3,B,11,IR,IR
B021_3,4,B021,B,21,3,B,11,IR,IR
B021_3,5,B021,B,21,3,B,11,IR,IR
B021_3,6,B021,B,21,3,B,11,IR,IR
B021_3,7,B021,B,21,3,B,11,IR,IR
B021_3,8,B021,B,21,3,B,11,IR,IR
B021_3,9,B021,B,21,3,B,11,IR,IR
OR021@6_3,0,OR021@6,OR,21,3,OR,11,OR,OR
OR021@6_3,1,OR021@6,OR,21,3,OR,11,OR,OR
OR021@6_3,2,OR021@6,OR,21,3,B,11,OR,OR
OR021@6_3,3,OR021@6,OR,21,3,OR,11,OR,OR
OR021@6_3,4,OR021@6,OR,21,3,B,11,OR,OR
OR021@6_3,5,OR021@6,OR,21,3,OR,11,OR,OR
OR021@6_3,6,OR021@6,OR,21,3,B,11,OR,OR
OR021@6_3,7,OR021@6,OR,21,3,B,11,OR,OR
OR021@6_3,8,OR021@6,OR,21,3,B,11,OR,OR
OR021@6_3,9,OR021@6,OR,21,3,OR,11,OR,OR
