recording,group,catalogued_fs,shaft_hz,duration_12k_s,duration_48k_s,err_12k_hz,match_12k,err_48k_hz,match_48k
Normal_0,Normal,48000,29.933333333333334,20.328166666666668,5.082041666666667,0.02509872727223339,True,-0.02409410041349247,True
Normal_1,Normal,48000,29.533333333333335,40.32525,10.0813125,0.47268026856622214,False,0.026309818290030762,True
Normal_2,Normal,48000,29.166666666666668,40.42191666666667,10.105479166666667,0.8418064595045713,False,0.02541766052382144,True
Normal_3,Normal,48000,28.75,40.47025,10.1175625,1.2473437278000503,False,0.011868285963146263,True
IR007_0,fault,12000,29.95,10.105416666666667,2.5263541666666667,-0.06503731497134524,True,-0.6587782954686041,False
IR007_1,fault,12000,29.533333333333335,10.165916666666666,2.5414791666666665,-0.022959617239525443,True,1.5509269809521449,False
IR007_2,fault,12000,29.133333333333333,10.178,2.5445,-0.05099888648718931,True,-0.8370079255911378,False
IR007_3,fault,12000,28.683333333333334,10.243083333333333,2.560770833333333,0.018961711290273797,True,-0.5667994120693898,False
IR014_0,fault,12000,29.933333333333334,10.153833333333333,2.5384583333333333,0.006098408373411246,True,-1.1757212656413287,False
IR014_1,fault,12000,29.566666666666666,10.153833333333333,2.5384583333333333,-0.021174816298167087,True,-2.384814164327647,False
IR014_2,fault,12000,29.2,10.153833333333333,2.5384583333333333,-0.04844804096974897,True,-2.8060272803374744,False
IR014_3,fault,12000,28.8,10.14175,2.5354375,-0.008124830527279414,True,1.5695121650602673,False
IR021_0,fault,12000,29.95,10.178,2.5445,0.016594615838087634,True,2.6693751228139213,False
IR021_1,fault,12000,29.566666666666666,10.129666666666667,2.5324166666666668,-0.04940713196661406,True,0.44419252580429003,False
IR021_2,fault,12000,29.2,10.153833333333333,2.5384583333333333,-0.04844804096974897,True,-2.8060272803374744,False
IR021_3,fault,12000,28.8,10.165916666666666,2.5414791666666665,0.02179832938495352,True,0.7103737160938088,False
B007_0,fault,12000,29.933333333333334,10.21425,2.5535625,0.024813373473332234,True,-1.737430550456473,False
B007_1,fault,12000,29.533333333333335,10.1175,2.529375,0.019421793921420516,True,-1.0678033110946394,False
B007_2,fault,12000,29.133333333333333,10.129666666666667,2.5324166666666668,-0.010953524850002339,True,0.48264613292090175,False
B007_3,fault,12000,28.7,10.129666666666667,2.5324166666666668,0.027500082266609382,True,0.12622001382078807,True
B014_0,fault,12000,29.933333333333334,10.153833333333333,2.5384583333333333,0.006098408373411246,True,-1.1757212656413287,False
B014_1,fault,12000,29.533333333333335,10.178,2.5445,0.040256762952775915,True,1.9070282308246576,False
B014_2,fault,12000,29.15,10.165916666666666,2.5414791666666665,-0.03309793345410483,True,-2.3939278307416103,False
B014_3,fault,12000,28.733333333333334,10.178,2.5445,-0.04400340603916675,True,0.34900111351280927,False
B021_0,fault,12000,29.933333333333334,10.165916666666666,2.5414791666666665,-0.029487967691604666,True,-1.2099029163353592,False
B021_1,fault,12000,29.566666666666666,10.14175,2.5354375,0.014027000599828199,True,0.8028454983936015,False
B021_2,fault,12000,29.233333333333334,10.178,2.5445,-0.05274775659919584,True,0.24200563306478529,True
B021_3,fault,12000,28.816666666666666,10.178,2.5445,-0.029085609484504005,True,-0.5203412589244714,False
OR007@6_0,fault,12000,29.933333333333334,10.165916666666666,2.5414791666666665,-0.029487967691604666,True,-1.603374565883275,False
OR007@6_1,fault,12000,29.55,10.202166666666667,2.5505416666666667,-0.046463169588161435,True,1.0317391730514736,False
OR007@6_2,fault,12000,29.166666666666668,10.1175,2.529375,-0.009266123054114672,True,0.8802816901408441,False
OR007@6_3,fault,12000,28.75,10.21425,2.5535625,0.03331742418679795,True,1.0123418263700223,False
OR014@6_0,fault,12000,29.933333333333334,10.153833333333333,2.5384583333333333,0.006098408373411246,True,0.006098408373411246,True
OR014@6_1,fault,12000,29.533333333333335,10.178,2.5445,0.040256762952775915,True,2.693037269928606,False
OR014@6_2,fault,12000,29.15,10.153833333333333,2.5384583333333333,0.0015519590302517372,True,2.3651913070597317,False
OR014@6_3,fault,12000,28.716666666666665,10.165916666666666,2.5414791666666665,0.006763750331309382,True,0.40023539987922874,False
OR021@6_0,fault,12000,29.933333333333334,10.202166666666667,2.5505416666666667,-0.03772292377981046,True,-1.3119620559902891,False
OR021@6_1,fault,12000,29.516666666666666,10.165916666666666,2.5414791666666665,-0.006292950572856171,True,-2.3671228478603616,False
OR021@6_2,fault,12000,29.133333333333333,10.190083333333334,2.5475208333333335,0.012650098270921006,True,-1.2631000182639482,False
OR021@6_3,fault,12000,28.683333333333334,10.165916666666666,2.5414791666666665,-0.05827082872233902,True,-2.3207328136228647,False
OR007@3_0,fault,12000,29.95,10.190083333333334,2.5475208333333335,-0.018939573605059934,True,1.8456182890228199,False
OR007@3_1,fault,12000,29.566666666666666,10.153833333333333,2.5384583333333333,-0.021174816298167087,True,-0.4151147076364161,False
OR007@3_2,fault,12000,29.183333333333334,10.129666666666667,2.5324166666666668,-0.06095352485000305,True,-2.7263916768128844,False
OR007@3_3,fault,12000,28.75,10.190083333333334,2.5475208333333335,0.0034449342089075685,True,-2.4499206745119864,False
OR021@3_0,fault,12000,29.933333333333334,10.14175,2.5354375,0.0417695828300495,True,2.8026343251082544,False
OR021@3_1,fault,12000,29.516666666666666,10.165916666666666,2.5414791666666665,-0.006292950572856171,True,-2.3671228478603616,False
OR021@3_2,fault,12000,29.116666666666667,10.190083333333334,2.5475208333333335,0.029316764937586726,True,-0.06881785941125074,True
OR021@3_3,fault,12000,28.65,10.178,2.5445,0.039329927294168954,True,-1.1396836313617555,False
OR007@12_0,fault,12000,29.95,10.190083333333334,2.5475208333333335,-0.018939573605059934,True,1.4530797916274771,False
OR007@12_1,fault,12000,29.55,10.165916666666666,2.5414791666666665,0.6489491028026642,False,1.9277319638333985,False
OR007@12_2,fault,12000,29.166666666666668,10.190083333333334,2.5475208333333335,-0.020683235062413985,True,1.451336130170123,False
OR007@12_3,fault,12000,28.733333333333334,10.178,2.5445,-0.04400340603916675,True,1.5280146721687338,False
OR021@12_0,fault,12000,29.933333333333334,10.153833333333333,2.5384583333333333,0.006098408373411246,True,2.3697377564028876,False
OR021@12_1,fault,12000,29.516666666666666,10.202166666666667,2.5505416666666667,-0.013129836254826444,True,1.0650725063848085,False
OR021@12_2,fault,12000,29.1,10.226333333333333,2.556583333333333,0.04045438247661437,True,0.6271749405130578,False
OR021@12_3,fault,12000,28.633333333333333,10.14175,2.5354375,-0.03866278830905401,True,0.5529510850362769,False
