recording,bearing,fault,BPFI_minus_fr,BPFI_plus_fr,BSF,2xBSF,2xBSF_minus_FTF
IR007_0,IR007,IR,15.161,12.741,,,
IR007_1,IR007,IR,10.035,15.361,,,
IR007_2,IR007,IR,29.127,31.34,,,
IR007_3,IR007,IR,57.594,47.07,,,
IR014_0,IR014,IR,65.469,57.214,,,
IR014_1,IR014,IR,40.851,40.341,,,
IR014_2,IR014,IR,42.827,45.466,,,
IR014_3,IR014,IR,44.304,41.047,,,
IR021_0,IR021,IR,49.607,82.781,,,
IR021_1,IR021,IR,22.346,60.54,,,
IR021_2,IR021,IR,39.807,69.998,,,
IR021_3,IR021,IR,30.091,55.921,,,
B007_0,B007,B,,,10.135,5.584,2.279
B007_1,B007,B,,,6.877,5.265,2.152
B007_2,B007,B,,,11.331,5.79,2.743
B007_3,B007,B,,,4.377,4.543,2.26
B014_0,B014,B,,,2.41,3.579,2.724
B014_1,B014,B,,,2.244,4.159,2.152
B014_2,B014,B,,,2.364,3.087,2.526
B014_3,B014,B,,,3.709,3.962,1.711
B021_0,B021,B,,,3.392,6.504,1.508
B021_1,B021,B,,,5.159,5.883,1.562
B021_2,B021,B,,,6.768,2.991,1.833
B021_3,B021,B,,,9.712,2.84,1.628
